"Name","Company","State","City","Age","Salary","Location","Url"
"Assoc Dir, Experience Design","DigitasLBi  NEW","MA","Boston","","","Boston, MA","https://www.glassdoor.com/partner/jobListing.htm?pos=101&ao=277848&s=58&guid=0000015feafb8d96943a73be2f1be3c2&src=GD_JOB_AD&t=SR&extid=1&exst=OL&ist=&ast=OL&vt=w&slr=true&rtp=0&cs=1_7ea5d90c&cb=1511475875635&jobListingId=2546620889"
"Senior Software Engineer","Autodesk","MA","Boston","","$92k-$140k","Boston, MA","https://www.glassdoor.com/partner/jobListing.htm?pos=102&ao=214173&s=58&guid=0000015feafb8d96943a73be2f1be3c2&src=GD_JOB_AD&t=SR&extid=1&exst=OL&ist=&ast=OL&vt=w&slr=true&rtp=0&cs=1_c6167ba9&cb=1511475875636&jobListingId=2421047023"
"Research Administrator - Sr","BIDMC","MA","Boston","","","Boston, MA","https://www.glassdoor.com/partner/jobListing.htm?pos=103&ao=141258&s=58&guid=0000015feafb8d96943a73be2f1be3c2&src=GD_JOB_AD&t=SR&extid=1&exst=OL&ist=&ast=OL&vt=w&slr=true&rtp=0&cs=1_49b94ba7&cb=1511475875636&jobListingId=2594663034"
"Senior Director Facilities Research & Strategy","Boston Children's Hospital","MA","Boston","","$127k-$187k","Boston, MA","https://www.glassdoor.com/partner/jobListing.htm?pos=104&ao=104385&s=58&guid=0000015feafb8d96943a73be2f1be3c2&src=GD_JOB_AD&t=SR&extid=1&exst=OL&ist=&ast=OL&vt=w&slr=true&rtp=0&cs=1_210f8d64&cb=1511475875638&jobListingId=2570702794"
"Research Information Scientist Biology (RDR17-10) ","FORMA THERAPEUTICS","MA","Watertown","","","Watertown, MA","https://www.glassdoor.com/partner/jobListing.htm?pos=105&ao=250433&s=58&guid=0000015feafb8d96943a73be2f1be3c2&src=GD_JOB_AD&t=SR&extid=1&exst=OL&ist=&ast=OL&vt=w&slr=true&rtp=0&aa=1&ea=1&cs=1_add03e75&cb=1511475875638&jobListingId=2523972054"
"Senior Experience Designer","DigitasLBi","MA","Boston","","","Boston, MA","https://www.glassdoor.com/partner/jobListing.htm?pos=106&ao=277848&s=58&guid=0000015feafb8d96943a73be2f1be3c2&src=GD_JOB_AD&t=SR&extid=1&exst=OL&ist=&ast=OL&vt=w&slr=true&rtp=0&cs=1_0546aedc&cb=1511475875640&jobListingId=2547682236"
"Clinical Research Coordinator","BIDMC","MA","Boston","","$39k-$55k","Boston, MA","https://www.glassdoor.com/partner/jobListing.htm?pos=107&ao=141258&s=58&guid=0000015feafb8d96943a73be2f1be3c2&src=GD_JOB_AD&t=SR&extid=1&exst=OL&ist=&ast=OL&vt=w&slr=true&rtp=0&cs=1_79c80272&cb=1511475875641&jobListingId=2594663569"
"User Researcher","Carbon Black","MA","Waltham","","","Waltham, MA","https://www.glassdoor.com/partner/jobListing.htm?pos=108&ao=278559&s=58&guid=0000015feafb8d96943a73be2f1be3c2&src=GD_JOB_AD&t=SR&extid=1&exst=OL&ist=&ast=OL&vt=w&slr=true&rtp=0&cs=1_984992de&cb=1511475875642&jobListingId=2547321300"
"Product Manager, Clinical Technology Products","Foundation Medicine","MA","Cambridge","","$123k-$174k","Cambridge, MA","https://www.glassdoor.com/partner/jobListing.htm?pos=109&ao=191512&s=58&guid=0000015feafb8d96943a73be2f1be3c2&src=GD_JOB_AD&t=SR&extid=1&exst=OL&ist=&ast=OL&vt=w&slr=true&rtp=0&cs=1_dd21ba0d&cb=1511475875643&jobListingId=2546618032"
"Software Engineer - Analytics Engine (Scala, Spark)","True Fit","MA","Boston","","$73k-$114k","Boston, MA","https://www.glassdoor.com/partner/jobListing.htm?pos=110&ao=189299&s=58&guid=0000015feafb8d96943a73be2f1be3c2&src=GD_JOB_AD&t=SR&extid=1&exst=OL&ist=&ast=OL&vt=w&slr=true&rtp=0&cs=1_375ede93&cb=1511475875644&jobListingId=2594600674"
"Principal User Experience Researcher","Cambridge Consultants","MA","Boston","","$129k-$187k","Boston, MA","https://www.glassdoor.com/partner/jobListing.htm?pos=111&ao=4120&s=58&guid=0000015feafb8d96943a73be2f1be3c2&src=GD_JOB_AD&t=SR&extid=1&exst=OL&ist=&ast=OL&vt=w&slr=true&rtp=0&cs=1_c7506b68&cb=1511475875649&jobListingId=2594236554"
"System Security Researcher","MIT Lincoln Laboratory","MA","Lexington","","$75k-$149k","Lexington, MA","https://www.glassdoor.com/partner/jobListing.htm?pos=112&ao=254031&s=58&guid=0000015feafb8d96943a73be2f1be3c2&src=GD_JOB_AD&t=SR&extid=1&exst=OL&ist=&ast=OL&vt=w&slr=true&rtp=0&cs=1_b7f3b336&cb=1511475875650&jobListingId=2547193389"
"Health Policy Analyst","Mathematica Policy Research","MA","Cambridge","","$53k-$88k","Cambridge, MA","https://www.glassdoor.com/partner/jobListing.htm?pos=113&ao=239871&s=58&guid=0000015feafb8d96943a73be2f1be3c2&src=GD_JOB_AD&t=SR&extid=1&exst=OL&ist=&ast=OL&vt=w&slr=true&rtp=0&cs=1_ca70665c&cb=1511475875651&jobListingId=2501293445"
"User Research Coordinator - 152623","Veritude  NEW","MA","Boston","","","Boston, MA","https://www.glassdoor.com/partner/jobListing.htm?pos=114&ao=154090&s=58&guid=0000015feafb8d96943a73be2f1be3c2&src=GD_JOB_AD&t=SR&extid=1&exst=OL&ist=&ast=OL&vt=w&slr=true&rtp=0&cs=1_cef6e3c2&cb=1511475875652&jobListingId=2546698562"
"Business analyst","Hexaware Technologies, Inc","MA","Boston","","$64k-$89k","Boston, MA","https://www.glassdoor.com/partner/jobListing.htm?pos=115&ao=283198&s=58&guid=0000015feafb8d96943a73be2f1be3c2&src=GD_JOB_AD&t=SR&extid=1&exst=OL&ist=&ast=OL&vt=w&slr=true&rtp=0&cs=1_7bef2a94&cb=1511475875653&jobListingId=2594478117"
"Research Summer Intern","IBM","MA","Boston","","$70k-$113k","Boston, MA","https://www.glassdoor.com/partner/jobListing.htm?pos=116&ao=140152&s=58&guid=0000015feafb8d96943a73be2f1be3c2&src=GD_JOB_AD&t=SR&extid=1&exst=OL&ist=&ast=OL&vt=w&slr=true&rtp=0&cs=1_0d24dcc0&cb=1511475875655&jobListingId=2500743768"
"User Experience Intern","Pearson","MA","Boston","","","Boston, MA","https://www.glassdoor.com/partner/jobListing.htm?pos=117&ao=68087&s=58&guid=0000015feafb8d96943a73be2f1be3c2&src=GD_JOB_AD&t=SR&extid=1&exst=OL&ist=&ast=OL&vt=w&slr=true&rtp=0&cs=1_ba8f6a80&cb=1511475875656&jobListingId=2594940227"
"Design Operations Director","Freeman","MA","Boston","","$93k-$116k","Boston, MA","https://www.glassdoor.com/partner/jobListing.htm?pos=118&ao=216380&s=58&guid=0000015feafb8d96943a73be2f1be3c2&src=GD_JOB_AD&t=SR&extid=1&exst=OL&ist=&ast=OL&vt=w&slr=true&rtp=0&cs=1_6217314a&cb=1511475875657&jobListingId=2594436521"
"Research/Software Engineer","MIT","MA","Cambridge","","$57k-$91k","Cambridge, MA","https://www.glassdoor.com/partner/jobListing.htm?pos=119&ao=4130&s=58&guid=0000015feafb8d96943a73be2f1be3c2&src=GD_JOB_AD&t=SR&extid=1&exst=OL&ist=&ast=OL&vt=w&slr=true&rtp=0&cs=1_30be7bef&cb=1511475875658&jobListingId=2269663768"
"Product Manager, Maternity and Family Benefits and Health","Ovia Health","MA","Boston","","$75k-$108k","Boston, MA","https://www.glassdoor.com/partner/jobListing.htm?pos=120&ao=4120&s=58&guid=0000015feafb8d96943a73be2f1be3c2&src=GD_JOB_AD&t=SR&extid=1&exst=OL&ist=&ast=OL&vt=w&slr=true&rtp=0&cs=1_713f9f74&cb=1511475875660&jobListingId=2547126327"
"Technical Lead - Software Solution Engineering","Cambridge Semantics","MA","Boston","","$68k-$103k","Boston, MA","https://www.glassdoor.com/partner/jobListing.htm?pos=121&ao=4120&s=58&guid=0000015feafb8d96943a73be2f1be3c2&src=GD_JOB_AD&t=SR&extid=1&exst=OL&ist=&ast=OL&vt=w&slr=true&rtp=0&cs=1_0376445c&cb=1511475875661&jobListingId=2523822037"
"UX Designer/Strategist","Create + Conquer","MA","Boston","","$52k-$74k","Boston, MA","https://www.glassdoor.com/partner/jobListing.htm?pos=122&ao=4120&s=58&guid=0000015feafb8d96943a73be2f1be3c2&src=GD_JOB_AD&t=SR&extid=1&exst=OL&ist=&ast=OL&vt=w&slr=true&rtp=0&aa=1&ea=1&cs=1_65027b27&cb=1511475875663&jobListingId=1871629427"
"Lead Machine Learning Engineer (Natural Language)","Spotify","MA","Boston","","","Boston, MA","https://www.glassdoor.com/partner/jobListing.htm?pos=123&ao=133232&s=58&guid=0000015feafb8d96943a73be2f1be3c2&src=GD_JOB_AD&t=SR&extid=1&exst=OL&ist=&ast=OL&vt=w&slr=true&rtp=0&cs=1_5c8bfbf8&cb=1511475875664&jobListingId=2236995849"
"Senior Director, Translational Research & Development, Correlative Sciences","Tesaro","MA","Waltham","","$145k-$236k","Waltham, MA","https://www.glassdoor.com/partner/jobListing.htm?pos=124&ao=231048&s=58&guid=0000015feafb8d96943a73be2f1be3c2&src=GD_JOB_AD&t=SR&extid=1&exst=OL&ist=&ast=OL&vt=w&slr=true&rtp=0&cs=1_3c651243&cb=1511475875666&jobListingId=2500716560"
"Associate Director, Investigator Research Operations","US","MA","Boston","","$63k-$82k","Boston, MA","https://www.glassdoor.com/partner/jobListing.htm?pos=125&ao=55774&s=58&guid=0000015feafb8d96943a73be2f1be3c2&src=GD_JOB_AD&t=SR&extid=1&exst=OL&ist=&ast=OL&vt=w&slr=true&rtp=0&cs=1_15721cea&cb=1511475875666&jobListingId=2594778797"
"Product Marketing Manager","Ellevation Education","MA","Boston","","$71k-$103k","Boston, MA","https://www.glassdoor.com/partner/jobListing.htm?pos=126&ao=4341&s=58&guid=0000015feafb8d96943a73be2f1be3c2&src=GD_JOB_AD&t=SR&extid=1&exst=OL&ist=&ast=OL&vt=w&slr=true&rtp=0&aa=1&ea=1&cs=1_57b7ac86&cb=1511475875668&jobListingId=2524257198"
"Postdoctoral Research Scientist","IBM","MA","Boston","","$114k-$162k","Boston, MA","https://www.glassdoor.com/partner/jobListing.htm?pos=127&ao=140152&s=58&guid=0000015feafb8d96943a73be2f1be3c2&src=GD_JOB_AD&t=SR&extid=1&exst=OL&ist=&ast=OL&vt=w&slr=true&rtp=0&cs=1_09184d96&cb=1511475875669&jobListingId=2546700915"
"UX Designer","Creative Circle","MA","Boston","","","Boston, MA","https://www.glassdoor.com/partner/jobListing.htm?pos=128&ao=134410&s=58&guid=0000015feafb8d96943a73be2f1be3c2&src=GD_JOB_AD&t=SR&extid=1&exst=OL&ist=&ast=OL&vt=w&slr=true&rtp=0&cs=1_d905856e&cb=1511475875671&jobListingId=2500877816"
"Institutional Sales Representative","GfK","MA","Boston","","","Boston, MA","https://www.glassdoor.com/partner/jobListing.htm?pos=129&ao=4120&s=58&guid=0000015feafb8d96943a73be2f1be3c2&src=GD_JOB_AD&t=SR&extid=1&exst=OL&ist=&ast=OL&vt=w&slr=true&rtp=0&cs=1_dd795933&cb=1511475875672&jobListingId=2501420579"
"Network Engineer Principal","Progress","MA","Bedford","","$67k-$121k","Bedford, MA","https://www.glassdoor.com/partner/jobListing.htm?pos=130&ao=142810&s=58&guid=0000015feafb8d96943a73be2f1be3c2&src=GD_JOB_AD&t=SR&extid=1&exst=OL&ist=&ast=OL&vt=w&slr=true&rtp=0&cs=1_ff10199d&cb=1511475875673&jobListingId=2570710741"
"Customer Success Manager - Boston Boston","Clicktale","MA","Boston","","$63k-$96k","Boston, MA","https://www.glassdoor.com/partner/jobListing.htm?pos=201&ao=4120&s=58&guid=0000015feafb94caa238a8a80018e35b&src=GD_JOB_AD&t=SR&extid=1&exst=OL&ist=&ast=OL&vt=w&slr=true&rtp=0&cs=1_f724d94e&cb=1511475877622&jobListingId=2594526231"
"Mechanical Engineer - Research & Development","ClearMotion","MA","Woburn","","$62k-$86k","Woburn, MA","https://www.glassdoor.com/partner/jobListing.htm?pos=202&ao=136726&s=58&guid=0000015feafb94caa238a8a80018e35b&src=GD_JOB_AD&t=SR&extid=1&exst=OL&ist=&ast=OL&vt=w&slr=true&rtp=0&cs=1_9e30cccc&cb=1511475877624&jobListingId=2310255718"
"Research Technician II","Massachusetts General Hospital","MA","Boston","","$36k-$47k","Boston, MA","https://www.glassdoor.com/partner/jobListing.htm?pos=203&ao=3839&s=58&guid=0000015feafb94caa238a8a80018e35b&src=GD_JOB_AD&t=SR&extid=1&exst=OL&ist=&ast=OL&vt=w&slr=true&rtp=0&cs=1_765881f7&cb=1511475877625&jobListingId=1942929188"
"Prof&Dir Biomedical Imaging Center","Northeastern University","MA","Boston","","","Boston, MA","https://www.glassdoor.com/partner/jobListing.htm?pos=204&ao=37049&s=58&guid=0000015feafb94caa238a8a80018e35b&src=GD_JOB_AD&t=SR&extid=1&exst=OL&ist=&ast=OL&vt=w&slr=true&rtp=0&cs=1_4b8ddba3&cb=1511475877626&jobListingId=2237420829"
"Senior Research Analyst","MIT","MA","Cambridge","","$45k-$70k","Cambridge, MA","https://www.glassdoor.com/partner/jobListing.htm?pos=205&ao=4130&s=58&guid=0000015feafb94caa238a8a80018e35b&src=GD_JOB_AD&t=SR&extid=1&exst=OL&ist=&ast=OL&vt=w&slr=true&rtp=0&cs=1_fcb910f3&cb=1511475877628&jobListingId=2500698612"
"CLINICAL RESEARCH NURSE, Clinical Trials Float","Massachusetts General Hospital","MA","Boston","","$75k-$132k","Boston, MA","https://www.glassdoor.com/partner/jobListing.htm?pos=206&ao=3839&s=58&guid=0000015feafb94caa238a8a80018e35b&src=GD_JOB_AD&t=SR&extid=1&exst=OL&ist=&ast=OL&vt=w&slr=true&rtp=0&cs=1_960d3657&cb=1511475877629&jobListingId=2205395196"
"Research Analyst (Data)","MIT","MA","Cambridge","","$40k-$64k","Cambridge, MA","https://www.glassdoor.com/partner/jobListing.htm?pos=207&ao=4130&s=58&guid=0000015feafb94caa238a8a80018e35b&src=GD_JOB_AD&t=SR&extid=1&exst=OL&ist=&ast=OL&vt=w&slr=true&rtp=0&cs=1_2fa5ef14&cb=1511475877630&jobListingId=2547491576"
"Postdoctoral Research Associate","Northeastern University","MA","Boston","","$43k-$64k","Boston, MA","https://www.glassdoor.com/partner/jobListing.htm?pos=208&ao=37049&s=58&guid=0000015feafb94caa238a8a80018e35b&src=GD_JOB_AD&t=SR&extid=1&exst=OL&ist=&ast=OL&vt=w&slr=true&rtp=0&cs=1_6fbb0975&cb=1511475877632&jobListingId=2594180239"
"Research Project Manager I - Population Sciences","Dana-Farber Cancer Institute","MA","Boston","","$54k-$75k","Boston, MA","https://www.glassdoor.com/partner/jobListing.htm?pos=209&ao=283198&s=58&guid=0000015feafb94caa238a8a80018e35b&src=GD_JOB_AD&t=SR&extid=1&exst=OL&ist=&ast=OL&vt=w&slr=true&rtp=0&cs=1_ea3a37af&cb=1511475877633&jobListingId=2594436696"
"R&D Research Engineer","A123 Systems","MA","Waltham","","$92k-$123k","Waltham, MA","https://www.glassdoor.com/partner/jobListing.htm?pos=210&ao=4008&s=58&guid=0000015feafb94caa238a8a80018e35b&src=GD_JOB_AD&t=SR&extid=1&exst=OL&ist=&ast=OL&vt=w&slr=true&rtp=0&cs=1_56433249&cb=1511475877634&jobListingId=2547243501"
"Database Coordinator - Surgical Oncology Research","Massachusetts General Hospital","MA","Boston","","","Boston, MA","https://www.glassdoor.com/partner/jobListing.htm?pos=211&ao=3839&s=58&guid=0000015feafb94caa238a8a80018e35b&src=GD_JOB_AD&t=SR&extid=1&exst=OL&ist=&ast=OL&vt=w&slr=true&rtp=0&cs=1_04fd3ca1&cb=1511475877635&jobListingId=2388280243"
"Specialty Physician Topic Editor - Allergy & Immunology","EBSCO Industries","MA","Boston","","","Boston, MA","https://www.glassdoor.com/partner/jobListing.htm?pos=212&ao=135330&s=58&guid=0000015feafb94caa238a8a80018e35b&src=GD_JOB_AD&t=SR&extid=1&exst=OL&ist=&ast=OL&vt=w&slr=true&rtp=0&cs=1_91a4b4cf&cb=1511475877637&jobListingId=2594743432"
"US|Business Analyst","Apex Systems","MA","Boston","","","Boston, MA","https://www.glassdoor.com/partner/jobListing.htm?pos=213&ao=208029&s=58&guid=0000015feafb94caa238a8a80018e35b&src=GD_JOB_AD&t=SR&extid=1&exst=OL&ist=&ast=OL&vt=w&slr=true&rtp=0&cs=1_f0b038c1&cb=1511475877638&jobListingId=2594809764"
"Research Assistant, Biobank Coordinator / 40 Hours / Day / BWH - personalized Medicine","Brigham and Women's Hospital","MA","Boston","","$27k-$41k","Boston, MA","https://www.glassdoor.com/partner/jobListing.htm?pos=214&ao=283198&s=58&guid=0000015feafb94caa238a8a80018e35b&src=GD_JOB_AD&t=SR&extid=1&exst=OL&ist=&ast=OL&vt=w&slr=true&rtp=0&cs=1_4dd667d1&cb=1511475877639&jobListingId=2594136074"
"Account Manager, Tech B2B","Google","MA","Cambridge","","","Cambridge, MA","https://www.glassdoor.com/partner/jobListing.htm?pos=215&ao=191997&s=58&guid=0000015feafb94caa238a8a80018e35b&src=GD_JOB_AD&t=SR&extid=1&exst=OL&ist=&ast=OL&vt=w&slr=true&rtp=0&cs=1_2bee152d&cb=1511475877640&jobListingId=2594688939"
"Research Fellow","Dana-Farber Cancer Institute","MA","Boston","","$42k-$59k","Boston, MA","https://www.glassdoor.com/partner/jobListing.htm?pos=216&ao=4008&s=58&guid=0000015feafb94caa238a8a80018e35b&src=GD_JOB_AD&t=SR&extid=1&exst=OL&ist=&ast=OL&vt=w&slr=true&rtp=0&cs=1_8ad52dd5&cb=1511475877641&jobListingId=2524138989"
"Research Fellow","Massachusetts General Hospital","MA","Boston","","$42k-$58k","Boston, MA","https://www.glassdoor.com/partner/jobListing.htm?pos=217&ao=3839&s=58&guid=0000015feafb94caa238a8a80018e35b&src=GD_JOB_AD&t=SR&extid=1&exst=OL&ist=&ast=OL&vt=w&slr=true&rtp=0&cs=1_20a63bf0&cb=1511475877643&jobListingId=2547543636"
"Inside Sales Engineer","Nortek","MA","Boston","","$55k-$80k","Boston, MA","https://www.glassdoor.com/partner/jobListing.htm?pos=218&ao=14295&s=58&guid=0000015feafb94caa238a8a80018e35b&src=GD_JOB_AD&t=SR&extid=1&exst=OL&ist=&ast=OL&vt=w&slr=true&rtp=0&aa=1&ea=1&cs=1_eecb89e8&cb=1511475877644&jobListingId=2547300710"
"SR. SPECIALIST, INDUSTRIAL HYGIENE, Research Compliance","Boston University","MA","Boston","","","Boston, MA","https://www.glassdoor.com/partner/jobListing.htm?pos=219&ao=283198&s=58&guid=0000015feafb94caa238a8a80018e35b&src=GD_JOB_AD&t=SR&extid=1&exst=OL&ist=&ast=OL&vt=w&slr=true&rtp=0&cs=1_d9a7f048&cb=1511475877645&jobListingId=2594542757"
"Senior UX Designer","Creative Circle","MA","Boston","","","Boston, MA","https://www.glassdoor.com/partner/jobListing.htm?pos=220&ao=173355&s=58&guid=0000015feafb94caa238a8a80018e35b&src=GD_JOB_AD&t=SR&extid=1&exst=OL&ist=&ast=OL&vt=w&slr=true&rtp=0&cs=1_c388262b&cb=1511475877646&jobListingId=2594960266"
"Research Technician I - Center for Surgery, Science, & Bioengineering","Massachusetts General Hospital","MA","Boston","","$33k-$43k","Boston, MA","https://www.glassdoor.com/partner/jobListing.htm?pos=221&ao=3839&s=58&guid=0000015feafb94caa238a8a80018e35b&src=GD_JOB_AD&t=SR&extid=1&exst=OL&ist=&ast=OL&vt=w&slr=true&rtp=0&cs=1_4e73bea8&cb=1511475877647&jobListingId=2500762604"
"Lead Research Technician - Armstrong Lab","Dana-Farber Cancer Institute","MA","Boston","","$45k-$59k","Boston, MA","https://www.glassdoor.com/partner/jobListing.htm?pos=222&ao=52448&s=58&guid=0000015feafb94caa238a8a80018e35b&src=GD_JOB_AD&t=SR&extid=1&exst=OL&ist=&ast=OL&vt=w&slr=true&rtp=0&cs=1_9e9de42a&cb=1511475877649&jobListingId=2523888820"
"Sales Engineer","Nortek","MA","Boston","","$65k-$83k","Boston, MA","https://www.glassdoor.com/partner/jobListing.htm?pos=223&ao=14295&s=58&guid=0000015feafb94caa238a8a80018e35b&src=GD_JOB_AD&t=SR&extid=1&exst=OL&ist=&ast=OL&vt=w&slr=true&rtp=0&aa=1&ea=1&cs=1_b7f1a505&cb=1511475877650&jobListingId=2547300906"
"RESEARCH ASSISTANT, School of Public Health, Environmental Health","Boston University","MA","Boston","","$23k-$40k","Boston, MA","https://www.glassdoor.com/partner/jobListing.htm?pos=224&ao=283198&s=58&guid=0000015feafb94caa238a8a80018e35b&src=GD_JOB_AD&t=SR&extid=1&exst=OL&ist=&ast=OL&vt=w&slr=true&rtp=0&cs=1_eb1402ae&cb=1511475877651&jobListingId=2594581680"
"Product Designer","Creative Circle","MA","Boston","","","Boston, MA","https://www.glassdoor.com/partner/jobListing.htm?pos=225&ao=134410&s=58&guid=0000015feafb94caa238a8a80018e35b&src=GD_JOB_AD&t=SR&extid=1&exst=OL&ist=&ast=OL&vt=w&slr=true&rtp=0&cs=1_02e913da&cb=1511475877652&jobListingId=2570721348"
"Research Technician - Knoechel Lab","Dana-Farber Cancer Institute","MA","Boston","","$33k-$44k","Boston, MA","https://www.glassdoor.com/partner/jobListing.htm?pos=226&ao=52448&s=58&guid=0000015feafb94caa238a8a80018e35b&src=GD_JOB_AD&t=SR&extid=1&exst=OL&ist=&ast=OL&vt=w&slr=true&rtp=0&cs=1_21491a3b&cb=1511475877654&jobListingId=2594417078"
"Database Architect, MGPO Finance - SQL Server platform exp required!","Massachusetts General Hospital(MGH)","MA","Boston","","$87k-$118k","Boston, MA","https://www.glassdoor.com/partner/jobListing.htm?pos=227&ao=25074&s=58&guid=0000015feafb94caa238a8a80018e35b&src=GD_JOB_AD&t=SR&extid=1&exst=OL&ist=&ast=OL&vt=w&slr=true&rtp=0&cs=1_fe797fc4&cb=1511475877655&jobListingId=2595071395"
"Pre-Clinical Account Manager - Remote / Field Based - Southern New England Territory","The Jackson Laboratory","MA","Boston","","","Boston, MA","https://www.glassdoor.com/partner/jobListing.htm?pos=228&ao=4011&s=58&guid=0000015feafb94caa238a8a80018e35b&src=GD_JOB_AD&t=SR&extid=1&exst=OL&ist=&ast=OL&vt=w&slr=true&rtp=0&cs=1_a71dc851&cb=1511475877656&jobListingId=2547697812"
"RESEARCH STUDY ASSISTANT, School of Public Health, Community Health Sci","Boston University","MA","Boston","","","Boston, MA","https://www.glassdoor.com/partner/jobListing.htm?pos=229&ao=283198&s=58&guid=0000015feafb94caa238a8a80018e35b&src=GD_JOB_AD&t=SR&extid=1&exst=OL&ist=&ast=OL&vt=w&slr=true&rtp=0&cs=1_bd1c1f0d&cb=1511475877661&jobListingId=2594462144"
"TEMPORARY RESEARCH","Brigham and Women's Hospital","MA","Boston","","","Boston, MA","https://www.glassdoor.com/partner/jobListing.htm?pos=230&ao=3839&s=58&guid=0000015feafb94caa238a8a80018e35b&src=GD_JOB_AD&t=SR&extid=1&exst=OL&ist=&ast=OL&vt=w&slr=true&rtp=0&cs=1_2bb96edb&cb=1511475877662&jobListingId=2594250933"
"Research Fellow","Massachusetts General Hospital","MA","Boston","Today","$42k-$58k","Boston, MA","https://www.glassdoor.com/partner/jobListing.htm?pos=301&ao=3839&s=58&guid=0000015feafb9a6b91b95abb7072faa1&src=GD_JOB_AD&t=SR&extid=1&exst=OL&ist=&ast=OL&vt=w&slr=true&rtp=0&cs=1_670e51f8&cb=1511475878885&jobListingId=2547543636"
"WEB DEVELOPER II, Marketing & Communications, Interactive Design","Boston University","MA","Boston","Today","$38k-$58k","Boston, MA","https://www.glassdoor.com/partner/jobListing.htm?pos=302&ao=4011&s=58&guid=0000015feafb9a6b91b95abb7072faa1&src=GD_JOB_AD&t=SR&extid=1&exst=OL&ist=&ast=OL&vt=w&slr=true&rtp=0&cs=1_cb7aa7b4&cb=1511475878886&jobListingId=2524122510"
"Clinical Research Assistant - Eye Clinical Research - (FT, 40 hrs, Days, Temporary)","Boston Medical Center","MA","Boston","Today","$25k-$38k","Boston, MA","https://www.glassdoor.com/partner/jobListing.htm?pos=303&ao=37049&s=58&guid=0000015feafb9a6b91b95abb7072faa1&src=GD_JOB_AD&t=SR&extid=1&exst=OL&ist=&ast=OL&vt=w&slr=true&rtp=0&cs=1_98883edc&cb=1511475878887&jobListingId=2594856849"
"Solution Architect","Ameriprise","MA","Boston","Today","$109k-$143k","Boston, MA","https://www.glassdoor.com/partner/jobListing.htm?pos=304&ao=4465&s=58&guid=0000015feafb9a6b91b95abb7072faa1&src=GD_JOB_AD&t=SR&extid=1&exst=OL&ist=&ast=OL&vt=w&slr=true&rtp=0&cs=1_ce9792a0&cb=1511475878888&jobListingId=2594591761"
"Postdoctoral Research Scientist","IBM","MA","Boston","Today","$114k-$162k","Boston, MA","https://www.glassdoor.com/partner/jobListing.htm?pos=305&ao=140152&s=58&guid=0000015feafb9a6b91b95abb7072faa1&src=GD_JOB_AD&t=SR&extid=1&exst=OL&ist=&ast=OL&vt=w&slr=true&rtp=0&cs=1_f4b735ee&cb=1511475878890&jobListingId=2546700915"
"Research Technician I - Center for Surgery, Science, & Bioengineering","Massachusetts General Hospital","MA","Boston","Today","$33k-$43k","Boston, MA","https://www.glassdoor.com/partner/jobListing.htm?pos=306&ao=3839&s=58&guid=0000015feafb9a6b91b95abb7072faa1&src=GD_JOB_AD&t=SR&extid=1&exst=OL&ist=&ast=OL&vt=w&slr=true&rtp=0&cs=1_755735ba&cb=1511475878891&jobListingId=2500762604"
"Salesforce Project Coordinator / Project Lead","Starpoint Solutions","MA","Boston","Today","","Boston, MA","https://www.glassdoor.com/partner/jobListing.htm?pos=307&ao=4120&s=58&guid=0000015feafb9a6b91b95abb7072faa1&src=GD_JOB_AD&t=SR&extid=1&exst=OL&ist=&ast=OL&vt=w&slr=true&rtp=0&cs=1_3f681e57&cb=1511475878892&jobListingId=2594649934"
"ACS NSQIP Surgical Clinical Reviewer","Brigham & Women's Hospital(BWH)","MA","Boston","Today","","Boston, MA","https://www.glassdoor.com/partner/jobListing.htm?pos=308&ao=25074&s=58&guid=0000015feafb9a6b91b95abb7072faa1&src=GD_JOB_AD&t=SR&extid=1&exst=OL&ist=&ast=OL&vt=w&slr=true&rtp=0&cs=1_a11d62fd&cb=1511475878896&jobListingId=2595071285"
"Technical Product Owner - Eden Prairie, MN or","UnitedHealth Group","MA","Boston","Today","$67k-$103k","Boston, MA","https://www.glassdoor.com/partner/jobListing.htm?pos=309&ao=173355&s=58&guid=0000015feafb9a6b91b95abb7072faa1&src=GD_JOB_AD&t=SR&extid=1&exst=OL&ist=&ast=OL&vt=w&slr=true&rtp=0&cs=1_31f4fa63&cb=1511475878898&jobListingId=2594913936"
"Senior Manager Opportunities, Summer 2018 Start","Wayfair LLC  NEW","MA","Boston","Today","","Boston, MA","https://www.glassdoor.com/partner/jobListing.htm?pos=310&ao=283198&s=58&guid=0000015feafb9a6b91b95abb7072faa1&src=GD_JOB_AD&t=SR&extid=1&exst=OL&ist=&ast=OL&vt=w&slr=true&rtp=0&cs=1_e3778989&cb=1511475878900&jobListingId=2594184258"
"FINANCE SUPERVISOR / 40 HOURS / DAY / BWH OR/CSS","Brigham & Women's Hospital(BWH)","MA","Boston","Today","$41k-$63k","Boston, MA","https://www.glassdoor.com/partner/jobListing.htm?pos=311&ao=25074&s=58&guid=0000015feafb9a6b91b95abb7072faa1&src=GD_JOB_AD&t=SR&extid=1&exst=OL&ist=&ast=OL&vt=w&slr=true&rtp=0&cs=1_83a6d7b7&cb=1511475878901&jobListingId=2595071257"
"Database Architect, MGPO Finance - SQL Server platform exp required!","Massachusetts General Hospital(MGH)","MA","Boston","Today","$87k-$118k","Boston, MA","https://www.glassdoor.com/partner/jobListing.htm?pos=312&ao=25074&s=58&guid=0000015feafb9a6b91b95abb7072faa1&src=GD_JOB_AD&t=SR&extid=1&exst=OL&ist=&ast=OL&vt=w&slr=true&rtp=0&cs=1_e4136a7f&cb=1511475878902&jobListingId=2595071395"
"Institutional Sales Representative","GfK","MA","Boston","Today","","Boston, MA","https://www.glassdoor.com/partner/jobListing.htm?pos=313&ao=4120&s=58&guid=0000015feafb9a6b91b95abb7072faa1&src=GD_JOB_AD&t=SR&extid=1&exst=OL&ist=&ast=OL&vt=w&slr=true&rtp=0&cs=1_d15fc48c&cb=1511475878903&jobListingId=2501420579"
"Business analyst","Hexaware Technologies, Inc","MA","Boston","Today","$64k-$89k","Boston, MA","https://www.glassdoor.com/partner/jobListing.htm?pos=314&ao=283198&s=58&guid=0000015feafb9a6b91b95abb7072faa1&src=GD_JOB_AD&t=SR&extid=1&exst=OL&ist=&ast=OL&vt=w&slr=true&rtp=0&cs=1_e0955230&cb=1511475878905&jobListingId=2594478117"
"Customer Success Manager - Boston Boston","Clicktale","MA","Boston","Today","$63k-$96k","Boston, MA","https://www.glassdoor.com/partner/jobListing.htm?pos=315&ao=4120&s=58&guid=0000015feafb9a6b91b95abb7072faa1&src=GD_JOB_AD&t=SR&extid=1&exst=OL&ist=&ast=OL&vt=w&slr=true&rtp=0&cs=1_9a712539&cb=1511475878906&jobListingId=2594526231"
"Research Technician I - Part Time","Massachusetts General Hospital(MGH)","MA","Boston","Today","$33k-$43k","Boston, MA","https://www.glassdoor.com/partner/jobListing.htm?pos=316&ao=25074&s=58&guid=0000015feafb9a6b91b95abb7072faa1&src=GD_JOB_AD&t=SR&extid=1&exst=OL&ist=&ast=OL&vt=w&slr=true&rtp=0&cs=1_9f61b6f6&cb=1511475878907&jobListingId=2595071482"
"RESEARCH ASSISTANT I / 40 HOURS / DAY / BWH - SURGERY RESEARCH","Brigham & Women's Hospital(BWH)","MA","Boston","Today","$27k-$41k","Boston, MA","https://www.glassdoor.com/partner/jobListing.htm?pos=317&ao=25074&s=58&guid=0000015feafb9a6b91b95abb7072faa1&src=GD_JOB_AD&t=SR&extid=1&exst=OL&ist=&ast=OL&vt=w&slr=true&rtp=0&cs=1_1f8d95fb&cb=1511475878908&jobListingId=2594529043"
"Research Assistant II - Clinical/Health Services","Tufts Medical Center","MA","Boston","Today","$32k-$48k","Boston, MA","https://www.glassdoor.com/partner/jobListing.htm?pos=318&ao=187657&s=58&guid=0000015feafb9a6b91b95abb7072faa1&src=GD_JOB_AD&t=SR&extid=1&exst=OL&ist=&ast=OL&vt=w&slr=true&rtp=0&cs=1_e7aa982d&cb=1511475878909&jobListingId=2547405448"
"Pre-Clinical Account Manager - Remote / Field Based - Southern New England Territory","The Jackson Laboratory","MA","Boston","Today","","Boston, MA","https://www.glassdoor.com/partner/jobListing.htm?pos=319&ao=4011&s=58&guid=0000015feafb9a6b91b95abb7072faa1&src=GD_JOB_AD&t=SR&extid=1&exst=OL&ist=&ast=OL&vt=w&slr=true&rtp=0&cs=1_bd77ddea&cb=1511475878910&jobListingId=2547697812"
"Analyst I, Manager Research - Wealth Management","BNY Mellon","MA","Boston","Today","","Boston, MA","https://www.glassdoor.com/partner/jobListing.htm?pos=320&ao=133104&s=58&guid=0000015feafb9a6b91b95abb7072faa1&src=GD_JOB_AD&t=SR&extid=1&exst=OL&ist=&ast=OL&vt=w&slr=true&rtp=0&cs=1_761cd68e&cb=1511475878912&jobListingId=2475826949"
"IHP Research Lab Manager (STAFF)","Massachusetts General Hospital(MGH)","MA","Boston","Today","$43k-$80k","Boston, MA","https://www.glassdoor.com/partner/jobListing.htm?pos=321&ao=25074&s=58&guid=0000015feafb9a6b91b95abb7072faa1&src=GD_JOB_AD&t=SR&extid=1&exst=OL&ist=&ast=OL&vt=w&slr=true&rtp=0&cs=1_0dbb816f&cb=1511475878913&jobListingId=2595071476"
"TECHNICAL RESEARCH ASSISTANT I / 40 HOURS / DAY / BWH - HEMATOLOGY","Brigham & Women's Hospital(BWH)","MA","Boston","Today","$27k-$41k","Boston, MA","https://www.glassdoor.com/partner/jobListing.htm?pos=322&ao=25074&s=58&guid=0000015feafb9a6b91b95abb7072faa1&src=GD_JOB_AD&t=SR&extid=1&exst=OL&ist=&ast=OL&vt=w&slr=true&rtp=0&cs=1_25d69abe&cb=1511475878914&jobListingId=2595071473"
"Research Associate I - Clinical/Health Services","Tufts Medical Center","MA","Boston","Today","$42k-$60k","Boston, MA","https://www.glassdoor.com/partner/jobListing.htm?pos=323&ao=186496&s=58&guid=0000015feafb9a6b91b95abb7072faa1&src=GD_JOB_AD&t=SR&extid=1&exst=OL&ist=&ast=OL&vt=w&slr=true&rtp=0&cs=1_9a26238e&cb=1511475878916&jobListingId=2594752551"
"SEO Analyst","Wayfair","MA","Boston","Today","$41k-$65k","Boston, MA","https://www.glassdoor.com/partner/jobListing.htm?pos=324&ao=4128&s=58&guid=0000015feafb9a6b91b95abb7072faa1&src=GD_JOB_AD&t=SR&extid=1&exst=OL&ist=&ast=OL&vt=w&slr=true&rtp=0&cs=1_9cec395b&cb=1511475878917&jobListingId=2524203137"
"Research Technologist - Flow Cytometry experience required!","Massachusetts General Hospital(MGH)","MA","Boston","Today","$39k-$54k","Boston, MA","https://www.glassdoor.com/partner/jobListing.htm?pos=325&ao=25074&s=58&guid=0000015feafb9a6b91b95abb7072faa1&src=GD_JOB_AD&t=SR&extid=1&exst=OL&ist=&ast=OL&vt=w&slr=true&rtp=0&cs=1_c4769123&cb=1511475878918&jobListingId=2595071450"
"US|Business Analyst","Apex Systems","MA","Boston","Today","","Boston, MA","https://www.glassdoor.com/partner/jobListing.htm?pos=326&ao=208029&s=58&guid=0000015feafb9a6b91b95abb7072faa1&src=GD_JOB_AD&t=SR&extid=1&exst=OL&ist=&ast=OL&vt=w&slr=true&rtp=0&cs=1_7506f981&cb=1511475878920&jobListingId=2594809764"
"Data Scientist","Wayfair","MA","Boston","Today","$88k-$124k","Boston, MA","https://www.glassdoor.com/partner/jobListing.htm?pos=327&ao=4128&s=58&guid=0000015feafb9a6b91b95abb7072faa1&src=GD_JOB_AD&t=SR&extid=1&exst=OL&ist=&ast=OL&vt=w&slr=true&rtp=0&cs=1_cd9d6939&cb=1511475878921&jobListingId=2594633920"
"TEMPORARY RESEARCH JOB/ DAY/ 6 MONTHS / BWH NEUROLOGY","Brigham & Women's Hospital(BWH)","MA","Boston","Today","","Boston, MA","https://www.glassdoor.com/partner/jobListing.htm?pos=328&ao=25074&s=58&guid=0000015feafb9a6b91b95abb7072faa1&src=GD_JOB_AD&t=SR&extid=1&exst=OL&ist=&ast=OL&vt=w&slr=true&rtp=0&cs=1_28e93183&cb=1511475878923&jobListingId=2595071422"
"Computer Vision Research Scientist","FeatureX","MA","Cambridge","Today","$79k-$112k","Cambridge, MA","https://www.glassdoor.com/partner/jobListing.htm?pos=329&ao=148364&s=58&guid=0000015feafb9a6b91b95abb7072faa1&src=GD_JOB_AD&t=SR&extid=1&exst=OL&ist=&ast=OL&vt=w&slr=true&rtp=0&cs=1_80b793cb&cb=1511475878924&jobListingId=2206043310"
"Digital Marketing Undergraduate Spring Co","Santander Bank","MA","Boston","Today","$48k-$66k","Boston, MA","https://www.glassdoor.com/partner/jobListing.htm?pos=330&ao=197973&s=58&guid=0000015feafb9a6b91b95abb7072faa1&src=GD_JOB_AD&t=SR&extid=1&exst=OL&ist=&ast=OL&vt=w&slr=true&rtp=0&cs=1_b9176c7f&cb=1511475878925&jobListingId=2547459602"
"Senior Administrative Research Specialist","Massachusetts General Hospital(MGH)","MA","Boston","Today","$44k-$65k","Boston, MA","https://www.glassdoor.com/partner/jobListing.htm?pos=401&ao=25074&s=58&guid=0000015feafba1048b0203f1296f422e&src=GD_JOB_AD&t=SR&extid=1&exst=OL&ist=&ast=OL&vt=w&slr=true&rtp=0&cs=1_214da6dd&cb=1511475880610&jobListingId=2595071343"
"Integration Developer","Northeastern University  NEW","MA","Boston","Today","","Boston, MA","https://www.glassdoor.com/partner/jobListing.htm?pos=402&ao=37049&s=58&guid=0000015feafba1048b0203f1296f422e&src=GD_JOB_AD&t=SR&extid=1&exst=OL&ist=&ast=OL&vt=w&slr=true&rtp=0&cs=1_f59dfb0f&cb=1511475880611&jobListingId=2523587184"
"TEMPORARY RESEARCH JOB/ DAY/ 6 MONTHS / BWH NEUROLOGY","Brigham & Women's Hospital(BWH)","MA","Boston","Today","","Boston, MA","https://www.glassdoor.com/partner/jobListing.htm?pos=403&ao=25074&s=58&guid=0000015feafba1048b0203f1296f422e&src=GD_JOB_AD&t=SR&extid=1&exst=OL&ist=&ast=OL&vt=w&slr=true&rtp=0&cs=1_2c55ba5d&cb=1511475880613&jobListingId=2595071422"
"Developer II","Genesis10  NEW","MA","Cambridge","Today","","Cambridge, MA","https://www.glassdoor.com/partner/jobListing.htm?pos=404&ao=83255&s=58&guid=0000015feafba1048b0203f1296f422e&src=GD_JOB_AD&t=SR&extid=1&exst=OL&ist=&ast=OL&vt=w&slr=true&rtp=0&cs=1_94071736&cb=1511475880615&jobListingId=2594413568"
"Sr. Client Support Analyst","NantHealth","MA","Boston","Today","$49k-$75k","Boston, MA","https://www.glassdoor.com/partner/jobListing.htm?pos=405&ao=37049&s=58&guid=0000015feafba1048b0203f1296f422e&src=GD_JOB_AD&t=SR&extid=1&exst=OL&ist=&ast=OL&vt=w&slr=true&rtp=0&cs=1_eec9dbcd&cb=1511475880616&jobListingId=2475918614"
"Research Database Investigator","Massachusetts General Hospital(MGH)","MA","Boston","Today","","Boston, MA","https://www.glassdoor.com/partner/jobListing.htm?pos=406&ao=25074&s=58&guid=0000015feafba1048b0203f1296f422e&src=GD_JOB_AD&t=SR&extid=1&exst=OL&ist=&ast=OL&vt=w&slr=true&rtp=0&cs=1_2282ffd9&cb=1511475880618&jobListingId=2595071290"
"TECHNICAL RESEARCH ASSISTANT II / DAY/ 40 HOURS/ BWH NEUROLOGY","Brigham & Women's Hospital(BWH)","MA","Boston","Today","$32k-$48k","Boston, MA","https://www.glassdoor.com/partner/jobListing.htm?pos=407&ao=25074&s=58&guid=0000015feafba1048b0203f1296f422e&src=GD_JOB_AD&t=SR&extid=1&exst=OL&ist=&ast=OL&vt=w&slr=true&rtp=0&cs=1_b40f3ee4&cb=1511475880620&jobListingId=2595071421"
"Salesforce Project Coordinator / Project Lead","Starpoint Solutions","MA","Boston","Today","","Boston, MA","https://www.glassdoor.com/partner/jobListing.htm?pos=408&ao=4120&s=58&guid=0000015feafba1048b0203f1296f422e&src=GD_JOB_AD&t=SR&extid=1&exst=OL&ist=&ast=OL&vt=w&slr=true&rtp=0&cs=1_d1bcf224&cb=1511475880621&jobListingId=2594649934"
"Senior Industrial Designer","iRobot Corporation","MA","Bedford","Today","$64k-$100k","Bedford, MA","https://www.glassdoor.com/partner/jobListing.htm?pos=409&ao=85059&s=58&guid=0000015feafba1048b0203f1296f422e&src=GD_JOB_AD&t=SR&extid=1&exst=OL&ist=&ast=OL&vt=w&slr=true&rtp=0&cs=1_ff53f303&cb=1511475880622&jobListingId=2594884711"
"Senior Medical Director, Clinical Research","US","MA","Watertown","Today","$193k-$306k","Watertown, MA","https://www.glassdoor.com/partner/jobListing.htm?pos=410&ao=55774&s=58&guid=0000015feafba1048b0203f1296f422e&src=GD_JOB_AD&t=SR&extid=1&exst=OL&ist=&ast=OL&vt=w&slr=true&rtp=0&cs=1_f6b7f975&cb=1511475880624&jobListingId=2594776943"
"Administrative Coordinator - Pediatric Research","Massachusetts General Hospital(MGH)","MA","Boston","Today","$42k-$52k","Boston, MA","https://www.glassdoor.com/partner/jobListing.htm?pos=411&ao=25074&s=58&guid=0000015feafba1048b0203f1296f422e&src=GD_JOB_AD&t=SR&extid=1&exst=OL&ist=&ast=OL&vt=w&slr=true&rtp=0&cs=1_4b834522&cb=1511475880625&jobListingId=2595071212"
"Senior Manager Opportunities, Summer 2018 Start","Wayfair LLC  NEW","MA","Boston","Today","","Boston, MA","https://www.glassdoor.com/partner/jobListing.htm?pos=412&ao=283198&s=58&guid=0000015feafba1048b0203f1296f422e&src=GD_JOB_AD&t=SR&extid=1&exst=OL&ist=&ast=OL&vt=w&slr=true&rtp=0&cs=1_418bf359&cb=1511475880626&jobListingId=2594184258"
"Research Specialist/40 hours/day/ BWH-","Brigham & Women's Hospital(BWH)","MA","Boston","Today","$46k-$70k","Boston, MA","https://www.glassdoor.com/partner/jobListing.htm?pos=413&ao=25074&s=58&guid=0000015feafba1048b0203f1296f422e&src=GD_JOB_AD&t=SR&extid=1&exst=OL&ist=&ast=OL&vt=w&slr=true&rtp=0&cs=1_4d7d8e25&cb=1511475880627&jobListingId=2595071382"
"QA Automation Engineer","Public Consulting Group, Inc.","MA","Boston","Today","$81k-$116k","Boston, MA","https://www.glassdoor.com/partner/jobListing.htm?pos=414&ao=173355&s=58&guid=0000015feafba1048b0203f1296f422e&src=GD_JOB_AD&t=SR&extid=1&exst=OL&ist=&ast=OL&vt=w&slr=true&rtp=0&cs=1_fbcb27a2&cb=1511475880629&jobListingId=2594931091"
"Solution Architect","Ameriprise","MA","Boston","Today","$109k-$143k","Boston, MA","https://www.glassdoor.com/partner/jobListing.htm?pos=415&ao=4465&s=58&guid=0000015feafba1048b0203f1296f422e&src=GD_JOB_AD&t=SR&extid=1&exst=OL&ist=&ast=OL&vt=w&slr=true&rtp=0&cs=1_d3e8b530&cb=1511475880675&jobListingId=2594591761"
"RESEARCH ASSISTANT I / 40 HRS / DAY SHIFT / PSYCHIATRY","Brigham & Women's Hospital(BWH)","MA","Boston","Today","$27k-$41k","Boston, MA","https://www.glassdoor.com/partner/jobListing.htm?pos=416&ao=25074&s=58&guid=0000015feafba1048b0203f1296f422e&src=GD_JOB_AD&t=SR&extid=1&exst=OL&ist=&ast=OL&vt=w&slr=true&rtp=0&cs=1_85e6be9b&cb=1511475880678&jobListingId=2595071297"
"Graduate Research Assistant","Massachusetts General Hospital(MGH)","MA","Boston","Today","$28k-$41k","Boston, MA","https://www.glassdoor.com/partner/jobListing.htm?pos=417&ao=25074&s=58&guid=0000015feafba1048b0203f1296f422e&src=GD_JOB_AD&t=SR&extid=1&exst=OL&ist=&ast=OL&vt=w&slr=true&rtp=0&cs=1_6014a0a9&cb=1511475880680&jobListingId=2595071175"
"Senior Product Owner","SAP","MA","Boston","Today","$95k-$145k","Boston, MA","https://www.glassdoor.com/partner/jobListing.htm?pos=418&ao=4120&s=58&guid=0000015feafba1048b0203f1296f422e&src=GD_JOB_AD&t=SR&extid=1&exst=OL&ist=&ast=OL&vt=w&slr=true&rtp=0&cs=1_c0af2bba&cb=1511475880682&jobListingId=2475497798"
"Sr Associate, Data Scientist","KPMG","MA","Boston","Today","$108k-$161k","Boston, MA","https://www.glassdoor.com/partner/jobListing.htm?pos=419&ao=4009&s=58&guid=0000015feafba1048b0203f1296f422e&src=GD_JOB_AD&t=SR&extid=1&exst=OL&ist=&ast=OL&vt=w&slr=true&rtp=0&cs=1_283384c3&cb=1511475880684&jobListingId=2309899372"
"RESEARCH & DESIGN ENGINEER","Massachusetts General Hospital(MGH)","MA","Boston","Today","$62k-$89k","Boston, MA","https://www.glassdoor.com/partner/jobListing.htm?pos=420&ao=25074&s=58&guid=0000015feafba1048b0203f1296f422e&src=GD_JOB_AD&t=SR&extid=1&exst=OL&ist=&ast=OL&vt=w&slr=true&rtp=0&cs=1_817d8e9f&cb=1511475880685&jobListingId=2594117036"
"SRH- Research Assistant, Kelly Adaptive Sport Research Instit.","Spaulding Rehabilitation Hospital","MA","Charlestown","Today","$28k-$42k","Charlestown, MA","https://www.glassdoor.com/partner/jobListing.htm?pos=421&ao=3839&s=58&guid=0000015feafba1048b0203f1296f422e&src=GD_JOB_AD&t=SR&extid=1&exst=OL&ist=&ast=OL&vt=w&slr=true&rtp=0&cs=1_9c3d7cfd&cb=1511475880687&jobListingId=2476058420"
"SEO Analyst","Wayfair","MA","Boston","Today","$41k-$65k","Boston, MA","https://www.glassdoor.com/partner/jobListing.htm?pos=422&ao=4128&s=58&guid=0000015feafba1048b0203f1296f422e&src=GD_JOB_AD&t=SR&extid=1&exst=OL&ist=&ast=OL&vt=w&slr=true&rtp=0&cs=1_a1cc9770&cb=1511475880689&jobListingId=2524203137"
"TECHNICAL RESEARCH ASSISTANT II / 40 HOURS / DAY / BWH - RENAL MEDICINE","Brigham & Women's Hospital(BWH)","MA","Boston","Today","$32k-$48k","Boston, MA","https://www.glassdoor.com/partner/jobListing.htm?pos=423&ao=25074&s=58&guid=0000015feafba1048b0203f1296f422e&src=GD_JOB_AD&t=SR&extid=1&exst=OL&ist=&ast=OL&vt=w&slr=true&rtp=0&cs=1_015cecde&cb=1511475880691&jobListingId=2595071295"
"Sr. Desktop Support Technician","Emergent BioSolutions","MA","Boston","Today","$47k-$71k","Boston, MA","https://www.glassdoor.com/partner/jobListing.htm?pos=424&ao=4127&s=58&guid=0000015feafba1048b0203f1296f422e&src=GD_JOB_AD&t=SR&extid=1&exst=OL&ist=&ast=OL&vt=w&slr=true&rtp=0&cs=1_db5c2d39&cb=1511475880693&jobListingId=2546673856"
"Computer Vision Research Scientist","FeatureX","MA","Cambridge","Today","$79k-$112k","Cambridge, MA","https://www.glassdoor.com/partner/jobListing.htm?pos=425&ao=148364&s=58&guid=0000015feafba1048b0203f1296f422e&src=GD_JOB_AD&t=SR&extid=1&exst=OL&ist=&ast=OL&vt=w&slr=true&rtp=0&cs=1_64c1607c&cb=1511475880695&jobListingId=2206043310"
"Postdoctoral Fellow (Patient-Oriented Research in the Epidemiology of Skin diseases)","Massachusetts General Hospital","MA","Charlestown","Today","$32k-$72k","Charlestown, MA","https://www.glassdoor.com/partner/jobListing.htm?pos=426&ao=3839&s=58&guid=0000015feafba1048b0203f1296f422e&src=GD_JOB_AD&t=SR&extid=1&exst=OL&ist=&ast=OL&vt=w&slr=true&rtp=0&cs=1_bea1af18&cb=1511475880696&jobListingId=2269458989"
"RESEARCH ASSITANT I / 40 HOURS / DAY / BWH - CARDIOVASCULAR MEDICINE","Brigham & Women's Hospital(BWH)","MA","Boston","Today","$33k-$52k","Boston, MA","https://www.glassdoor.com/partner/jobListing.htm?pos=427&ao=25074&s=58&guid=0000015feafba1048b0203f1296f422e&src=GD_JOB_AD&t=SR&extid=1&exst=OL&ist=&ast=OL&vt=w&slr=true&rtp=0&cs=1_8203543c&cb=1511475880698&jobListingId=2595071261"
"Data Scientist","Wayfair","MA","Boston","Today","$88k-$124k","Boston, MA","https://www.glassdoor.com/partner/jobListing.htm?pos=428&ao=4128&s=58&guid=0000015feafba1048b0203f1296f422e&src=GD_JOB_AD&t=SR&extid=1&exst=OL&ist=&ast=OL&vt=w&slr=true&rtp=0&cs=1_1bc4b7ad&cb=1511475880700&jobListingId=2594633920"
"Analyst I, Manager Research - Wealth Management","BNY Mellon","MA","Boston","Today","","Boston, MA","https://www.glassdoor.com/partner/jobListing.htm?pos=429&ao=133104&s=58&guid=0000015feafba1048b0203f1296f422e&src=GD_JOB_AD&t=SR&extid=1&exst=OL&ist=&ast=OL&vt=w&slr=true&rtp=0&cs=1_8ab89e65&cb=1511475880702&jobListingId=2475826949"
"Embedded System Administrator","Aquila Technology","MA","Lexington","Today","$67k-$86k","Lexington, MA","https://www.glassdoor.com/partner/jobListing.htm?pos=430&ao=4348&s=58&guid=0000015feafba1048b0203f1296f422e&src=GD_JOB_AD&t=SR&extid=1&exst=OL&ist=&ast=OL&vt=w&slr=true&rtp=0&cs=1_5931d9e5&cb=1511475880704&jobListingId=2547549431"
