"Name","Company","State","City","Salary","Location","Url"
"Principal User Experience Researcher","Cambridge Consultants","MA","Boston","$129k-$187k","Boston, MA","https://www.glassdoor.com/partner/jobListing.htm?pos=101&ao=4120&s=58&guid=0000015fead03ed4adbcfee710f7d2b5&src=GD_JOB_AD&t=SR&extid=1&exst=OL&ist=&ast=OL&vt=w&slr=true&rtp=0&cs=1_33fdbdbc&cb=1511473037517&jobListingId=2594236554"
"Metallurgical Research Scientist","Markforged","MA","Watertown","$68k-$98k","Watertown, MA","https://www.glassdoor.com/partner/jobListing.htm?pos=102&ao=273286&s=58&guid=0000015fead03ed4adbcfee710f7d2b5&src=GD_JOB_AD&t=SR&extid=1&exst=OL&ist=&ast=OL&vt=w&slr=true&rtp=0&cs=1_aeb12872&cb=1511473037518&jobListingId=2569847357"
"Research Information Scientist Biology (RDR17-10) ","FORMA THERAPEUTICS","MA","Watertown","","Watertown, MA","https://www.glassdoor.com/partner/jobListing.htm?pos=103&ao=250433&s=58&guid=0000015fead03ed4adbcfee710f7d2b5&src=GD_JOB_AD&t=SR&extid=1&exst=OL&ist=&ast=OL&vt=w&slr=true&rtp=0&aa=1&ea=1&cs=1_aad62342&cb=1511473037519&jobListingId=2523972054"
"Research Administrator - Sr","BIDMC","MA","Boston","","Boston, MA","https://www.glassdoor.com/partner/jobListing.htm?pos=104&ao=141258&s=58&guid=0000015fead03ed4adbcfee710f7d2b5&src=GD_JOB_AD&t=SR&extid=1&exst=OL&ist=&ast=OL&vt=w&slr=true&rtp=0&cs=1_0297c033&cb=1511473037520&jobListingId=2594663034"
"Senior Director, Translational Research & Development, Correlative Sciences","Tesaro","MA","Waltham","$145k-$236k","Waltham, MA","https://www.glassdoor.com/partner/jobListing.htm?pos=105&ao=231048&s=58&guid=0000015fead03ed4adbcfee710f7d2b5&src=GD_JOB_AD&t=SR&extid=1&exst=OL&ist=&ast=OL&vt=w&slr=true&rtp=0&cs=1_47efee6e&cb=1511473037521&jobListingId=2500716560"
"Clinical Research Coordinator","BIDMC","MA","Boston","$39k-$55k","Boston, MA","https://www.glassdoor.com/partner/jobListing.htm?pos=106&ao=141258&s=58&guid=0000015fead03ed4adbcfee710f7d2b5&src=GD_JOB_AD&t=SR&extid=1&exst=OL&ist=&ast=OL&vt=w&slr=true&rtp=0&cs=1_bf4af985&cb=1511473037522&jobListingId=2594663569"
"System Security Researcher","MIT Lincoln Laboratory","MA","Lexington","$75k-$149k","Lexington, MA","https://www.glassdoor.com/partner/jobListing.htm?pos=107&ao=254031&s=58&guid=0000015fead03ed4adbcfee710f7d2b5&src=GD_JOB_AD&t=SR&extid=1&exst=OL&ist=&ast=OL&vt=w&slr=true&rtp=0&cs=1_41d53f78&cb=1511473037524&jobListingId=2547193389"
"User Researcher","Carbon Black","MA","Waltham","","Waltham, MA","https://www.glassdoor.com/partner/jobListing.htm?pos=108&ao=278559&s=58&guid=0000015fead03ed4adbcfee710f7d2b5&src=GD_JOB_AD&t=SR&extid=1&exst=OL&ist=&ast=OL&vt=w&slr=true&rtp=0&cs=1_12e3ff8a&cb=1511473037525&jobListingId=2547321300"
"Senior Director Facilities Research & Strategy","Boston Children's Hospital","MA","Boston","$127k-$187k","Boston, MA","https://www.glassdoor.com/partner/jobListing.htm?pos=109&ao=104385&s=58&guid=0000015fead03ed4adbcfee710f7d2b5&src=GD_JOB_AD&t=SR&extid=1&exst=OL&ist=&ast=OL&vt=w&slr=true&rtp=0&cs=1_1426bd70&cb=1511473037526&jobListingId=2570702794"
"Research Associate/Sr. Research Associate - Proteomics","Agios Pharmaceuticals","MA","Cambridge","$67k-$88k","Cambridge, MA","https://www.glassdoor.com/partner/jobListing.htm?pos=110&ao=202545&s=58&guid=0000015fead03ed4adbcfee710f7d2b5&src=GD_JOB_AD&t=SR&extid=1&exst=OL&ist=&ast=OL&vt=w&slr=true&rtp=0&cs=1_992f0503&cb=1511473037527&jobListingId=2592159157"
"Financial Analyst 1 - Research","Boston Children's Hospital","MA","Boston","$42k-$64k","Boston, MA","https://www.glassdoor.com/partner/jobListing.htm?pos=111&ao=104385&s=58&guid=0000015fead03ed4adbcfee710f7d2b5&src=GD_JOB_AD&t=SR&extid=1&exst=OL&ist=&ast=OL&vt=w&slr=true&rtp=0&cs=1_c98eac95&cb=1511473037528&jobListingId=2570574083"
"Principal UX Designer","Salsify","MA","Boston","$97k-$129k","Boston, MA","https://www.glassdoor.com/partner/jobListing.htm?pos=112&ao=177504&s=58&guid=0000015fead03ed4adbcfee710f7d2b5&src=GD_JOB_AD&t=SR&extid=1&exst=OL&ist=&ast=OL&vt=w&slr=true&rtp=0&cs=1_80945d67&cb=1511473037529&jobListingId=2447851258"
"Clinical Research Project Manager","Green Key Resources","MA","Boston","","Boston, MA","https://www.glassdoor.com/partner/jobListing.htm?pos=113&ao=135362&s=58&guid=0000015fead03ed4adbcfee710f7d2b5&src=GD_JOB_AD&t=SR&extid=1&exst=OL&ist=&ast=OL&vt=w&slr=true&rtp=0&cs=1_27105f2d&cb=1511473037530&jobListingId=2475982033"
"Research Project Manager I - Population Sciences","Dana-Farber Cancer Institute","MA","Boston","$54k-$75k","Boston, MA","https://www.glassdoor.com/partner/jobListing.htm?pos=114&ao=283198&s=58&guid=0000015fead03ed4adbcfee710f7d2b5&src=GD_JOB_AD&t=SR&extid=1&exst=OL&ist=&ast=OL&vt=w&slr=true&rtp=0&cs=1_7f4df40d&cb=1511473037531&jobListingId=2594436696"
"Research Systems - Sr. SQL Software Developer","Arrowstreet Capital","MA","Boston","$120k-$171k","Boston, MA","https://www.glassdoor.com/partner/jobListing.htm?pos=115&ao=283198&s=58&guid=0000015fead03ed4adbcfee710f7d2b5&src=GD_JOB_AD&t=SR&extid=1&exst=OL&ist=&ast=OL&vt=w&slr=true&rtp=0&cs=1_5512ae91&cb=1511473037533&jobListingId=2594095087"
"SR. SPECIALIST, INDUSTRIAL HYGIENE, Research Compliance","Boston University","MA","Boston","","Boston, MA","https://www.glassdoor.com/partner/jobListing.htm?pos=116&ao=283198&s=58&guid=0000015fead03ed4adbcfee710f7d2b5&src=GD_JOB_AD&t=SR&extid=1&exst=OL&ist=&ast=OL&vt=w&slr=true&rtp=0&cs=1_182a1e15&cb=1511473037534&jobListingId=2594542757"
"Research Administrator I","Boston Children's Hospital","MA","Boston","","Boston, MA","https://www.glassdoor.com/partner/jobListing.htm?pos=117&ao=104385&s=58&guid=0000015fead03ed4adbcfee710f7d2b5&src=GD_JOB_AD&t=SR&extid=1&exst=OL&ist=&ast=OL&vt=w&slr=true&rtp=0&cs=1_19ae98af&cb=1511473037535&jobListingId=2570574052"
"User Researcher","Spotify","MA","Boston","","Boston, MA","https://www.glassdoor.com/partner/jobListing.htm?pos=118&ao=4120&s=58&guid=0000015fead03ed4adbcfee710f7d2b5&src=GD_JOB_AD&t=SR&extid=1&exst=OL&ist=&ast=OL&vt=w&slr=true&rtp=0&cs=1_7919b017&cb=1511473037537&jobListingId=2593981914"
"Research Technician","Northeastern University","MA","Boston","$31k-$43k","Boston, MA","https://www.glassdoor.com/partner/jobListing.htm?pos=119&ao=37049&s=58&guid=0000015fead03ed4adbcfee710f7d2b5&src=GD_JOB_AD&t=SR&extid=1&exst=OL&ist=&ast=OL&vt=w&slr=true&rtp=0&cs=1_0cc6ab89&cb=1511473037538&jobListingId=2500589831"
"RESEARCH ASSISTANT, School of Public Health, Environmental Health","Boston University","MA","Boston","$23k-$40k","Boston, MA","https://www.glassdoor.com/partner/jobListing.htm?pos=120&ao=283198&s=58&guid=0000015fead03ed4adbcfee710f7d2b5&src=GD_JOB_AD&t=SR&extid=1&exst=OL&ist=&ast=OL&vt=w&slr=true&rtp=0&cs=1_9ea9b965&cb=1511473037539&jobListingId=2594581680"
"Research Fellow","Dana-Farber Cancer Institute","MA","Boston","$42k-$59k","Boston, MA","https://www.glassdoor.com/partner/jobListing.htm?pos=121&ao=4008&s=58&guid=0000015fead03ed4adbcfee710f7d2b5&src=GD_JOB_AD&t=SR&extid=1&exst=OL&ist=&ast=OL&vt=w&slr=true&rtp=0&cs=1_c6f4b3eb&cb=1511473037541&jobListingId=2524138989"
"Lead Research Technician - Armstrong Lab","Dana-Farber Cancer Institute","MA","Boston","$45k-$59k","Boston, MA","https://www.glassdoor.com/partner/jobListing.htm?pos=122&ao=52448&s=58&guid=0000015fead03ed4adbcfee710f7d2b5&src=GD_JOB_AD&t=SR&extid=1&exst=OL&ist=&ast=OL&vt=w&slr=true&rtp=0&cs=1_6d3f2754&cb=1511473037543&jobListingId=2523888820"
"Posdoctoral Research Assoc","Northeastern University","MA","Boston","$38k-$58k","Boston, MA","https://www.glassdoor.com/partner/jobListing.htm?pos=123&ao=37049&s=58&guid=0000015fead03ed4adbcfee710f7d2b5&src=GD_JOB_AD&t=SR&extid=1&exst=OL&ist=&ast=OL&vt=w&slr=true&rtp=0&cs=1_28a88d78&cb=1511473037544&jobListingId=2500589813"
"Research Summer Intern","IBM","MA","Boston","$70k-$113k","Boston, MA","https://www.glassdoor.com/partner/jobListing.htm?pos=124&ao=140152&s=58&guid=0000015fead03ed4adbcfee710f7d2b5&src=GD_JOB_AD&t=SR&extid=1&exst=OL&ist=&ast=OL&vt=w&slr=true&rtp=0&cs=1_81386098&cb=1511473037545&jobListingId=2500743790"
"UX Designer","Creative Circle","MA","Boston","","Boston, MA","https://www.glassdoor.com/partner/jobListing.htm?pos=125&ao=134410&s=58&guid=0000015fead03ed4adbcfee710f7d2b5&src=GD_JOB_AD&t=SR&extid=1&exst=OL&ist=&ast=OL&vt=w&slr=true&rtp=0&cs=1_900920de&cb=1511473037547&jobListingId=2500877816"
"Research Technician - Knoechel Lab","Dana-Farber Cancer Institute","MA","Boston","$33k-$44k","Boston, MA","https://www.glassdoor.com/partner/jobListing.htm?pos=126&ao=52448&s=58&guid=0000015fead03ed4adbcfee710f7d2b5&src=GD_JOB_AD&t=SR&extid=1&exst=OL&ist=&ast=OL&vt=w&slr=true&rtp=0&cs=1_a75f6a13&cb=1511473037548&jobListingId=2594417078"
"RESEARCH STUDY ASSISTANT, School of Public Health, Community Health Sci","Boston University","MA","Boston","","Boston, MA","https://www.glassdoor.com/partner/jobListing.htm?pos=127&ao=283198&s=58&guid=0000015fead03ed4adbcfee710f7d2b5&src=GD_JOB_AD&t=SR&extid=1&exst=OL&ist=&ast=OL&vt=w&slr=true&rtp=0&cs=1_11f7f95a&cb=1511473037549&jobListingId=2594462144"
"Research Assistant, Biobank Coordinator / 40 Hours / Day / BWH - personalized Medicine","Brigham and Women's Hospital","MA","Boston","$27k-$41k","Boston, MA","https://www.glassdoor.com/partner/jobListing.htm?pos=128&ao=283198&s=58&guid=0000015fead03ed4adbcfee710f7d2b5&src=GD_JOB_AD&t=SR&extid=1&exst=OL&ist=&ast=OL&vt=w&slr=true&rtp=0&cs=1_bc568a8b&cb=1511473037550&jobListingId=2594136074"
"Research Assistant I","Boston Children's Hospital","MA","Boston","$29k-$41k","Boston, MA","https://www.glassdoor.com/partner/jobListing.htm?pos=129&ao=136361&s=58&guid=0000015fead03ed4adbcfee710f7d2b5&src=GD_JOB_AD&t=SR&extid=1&exst=OL&ist=&ast=OL&vt=w&slr=true&rtp=0&cs=1_98142c97&cb=1511473037552&jobListingId=2594136997"
"UX Designer/Strategist","Create + Conquer","MA","Boston","$52k-$74k","Boston, MA","https://www.glassdoor.com/partner/jobListing.htm?pos=130&ao=4120&s=58&guid=0000015fead03ed4adbcfee710f7d2b5&src=GD_JOB_AD&t=SR&extid=1&exst=OL&ist=&ast=OL&vt=w&slr=true&rtp=0&aa=1&ea=1&cs=1_938d83d7&cb=1511473037553&jobListingId=1871629427"
"SR. SPECIALIST, CAMPUS/CLINICAL SAFETY, Research Compliance","Boston University  NEW","MA","Boston","","Boston, MA","https://www.glassdoor.com/partner/jobListing.htm?pos=201&ao=283198&s=58&guid=0000015fead043f693da72666734718f&src=GD_JOB_AD&t=SR&extid=1&exst=OL&ist=&ast=OL&vt=w&slr=true&rtp=0&cs=1_40e8f32a&cb=1511473038806&jobListingId=2594217077"
"Research Technician II","Massachusetts General Hospital","MA","Boston","$36k-$47k","Boston, MA","https://www.glassdoor.com/partner/jobListing.htm?pos=202&ao=3839&s=58&guid=0000015fead043f693da72666734718f&src=GD_JOB_AD&t=SR&extid=1&exst=OL&ist=&ast=OL&vt=w&slr=true&rtp=0&cs=1_c568ae64&cb=1511473038807&jobListingId=1942929188"
"Postdoctoral Research Associate","Northeastern University","MA","Boston","$43k-$64k","Boston, MA","https://www.glassdoor.com/partner/jobListing.htm?pos=203&ao=37049&s=58&guid=0000015fead043f693da72666734718f&src=GD_JOB_AD&t=SR&extid=1&exst=OL&ist=&ast=OL&vt=w&slr=true&rtp=0&cs=1_ec2f515f&cb=1511473038809&jobListingId=2594180239"
"TEMPORARY RESEARCH","Brigham and Women's Hospital  NEW","MA","Boston","","Boston, MA","https://www.glassdoor.com/partner/jobListing.htm?pos=204&ao=3839&s=58&guid=0000015fead043f693da72666734718f&src=GD_JOB_AD&t=SR&extid=1&exst=OL&ist=&ast=OL&vt=w&slr=true&rtp=0&cs=1_36e0f518&cb=1511473038810&jobListingId=2594250933"
"Clinical Research Assistant - Eye Clinical Research - (FT, 40 hrs, Days, Temporary)","Boston Medical Center","MA","Boston","$25k-$38k","Boston, MA","https://www.glassdoor.com/partner/jobListing.htm?pos=205&ao=135775&s=58&guid=0000015fead043f693da72666734718f&src=GD_JOB_AD&t=SR&extid=1&exst=OL&ist=&ast=OL&vt=w&slr=true&rtp=0&cs=1_d98b1d7e&cb=1511473038886&jobListingId=2594108028"
"RESEARCH FELLOW, Thompson Lab, Physical Therapy & Athletic Training, Sargent College,","Boston University","MA","Boston","$37k-$56k","Boston, MA","https://www.glassdoor.com/partner/jobListing.htm?pos=206&ao=283198&s=58&guid=0000015fead043f693da72666734718f&src=GD_JOB_AD&t=SR&extid=1&exst=OL&ist=&ast=OL&vt=w&slr=true&rtp=0&cs=1_8e710e25&cb=1511473038887&jobListingId=2594175568"
"CLINICAL RESEARCH NURSE, Clinical Trials Float","Massachusetts General Hospital","MA","Boston","$75k-$132k","Boston, MA","https://www.glassdoor.com/partner/jobListing.htm?pos=207&ao=3839&s=58&guid=0000015fead043f693da72666734718f&src=GD_JOB_AD&t=SR&extid=1&exst=OL&ist=&ast=OL&vt=w&slr=true&rtp=0&cs=1_253d19c4&cb=1511473038888&jobListingId=2205395196"
"Postdoctoral Research Scientist","IBM","MA","Boston","$114k-$162k","Boston, MA","https://www.glassdoor.com/partner/jobListing.htm?pos=208&ao=140152&s=58&guid=0000015fead043f693da72666734718f&src=GD_JOB_AD&t=SR&extid=1&exst=OL&ist=&ast=OL&vt=w&slr=true&rtp=0&cs=1_bd2777af&cb=1511473038889&jobListingId=2546700915"
"User Experience Intern","Pearson","MA","Boston","","Boston, MA","https://www.glassdoor.com/partner/jobListing.htm?pos=209&ao=68087&s=58&guid=0000015fead043f693da72666734718f&src=GD_JOB_AD&t=SR&extid=1&exst=OL&ist=&ast=OL&vt=w&slr=true&rtp=0&cs=1_3c9f7d9a&cb=1511473038891&jobListingId=2594940227"
"RESEARCH ASSISTANT I / 40 HOURS / DAY / BWH - SURGERY RESEARCH","Brigham & Women's Hospital(BWH)","MA","Boston","$27k-$41k","Boston, MA","https://www.glassdoor.com/partner/jobListing.htm?pos=210&ao=25074&s=58&guid=0000015fead043f693da72666734718f&src=GD_JOB_AD&t=SR&extid=1&exst=OL&ist=&ast=OL&vt=w&slr=true&rtp=0&cs=1_dbb1a7d9&cb=1511473038892&jobListingId=2594529043"
"COMMUNITY ENGAGEMENT RESEARCH FELLOW, School of Public Health","Boston University","MA","Boston","$37k-$56k","Boston, MA","https://www.glassdoor.com/partner/jobListing.htm?pos=211&ao=4011&s=58&guid=0000015fead043f693da72666734718f&src=GD_JOB_AD&t=SR&extid=1&exst=OL&ist=&ast=OL&vt=w&slr=true&rtp=0&cs=1_af3c9377&cb=1511473038893&jobListingId=2594772840"
"Research Assistant II","Brigham & Women's Hospital(BWH)","MA","Boston","$32k-$48k","Boston, MA","https://www.glassdoor.com/partner/jobListing.htm?pos=212&ao=25074&s=58&guid=0000015fead043f693da72666734718f&src=GD_JOB_AD&t=SR&extid=1&exst=OL&ist=&ast=OL&vt=w&slr=true&rtp=0&cs=1_63cea3e1&cb=1511473038895&jobListingId=2594117266"
"Database Coordinator - Surgical Oncology Research","Massachusetts General Hospital","MA","Boston","","Boston, MA","https://www.glassdoor.com/partner/jobListing.htm?pos=213&ao=3839&s=58&guid=0000015fead043f693da72666734718f&src=GD_JOB_AD&t=SR&extid=1&exst=OL&ist=&ast=OL&vt=w&slr=true&rtp=0&cs=1_d11813ee&cb=1511473038897&jobListingId=2388280243"
"Research Assistant II - Clinical/Health Services","Tufts Medical Center","MA","Boston","$32k-$48k","Boston, MA","https://www.glassdoor.com/partner/jobListing.htm?pos=214&ao=187657&s=58&guid=0000015fead043f693da72666734718f&src=GD_JOB_AD&t=SR&extid=1&exst=OL&ist=&ast=OL&vt=w&slr=true&rtp=0&cs=1_4543aad3&cb=1511473038898&jobListingId=2547405448"
"User Research Coordinator - 152623","Veritude","MA","Boston","","Boston, MA","https://www.glassdoor.com/partner/jobListing.htm?pos=215&ao=154090&s=58&guid=0000015fead043f693da72666734718f&src=GD_JOB_AD&t=SR&extid=1&exst=OL&ist=&ast=OL&vt=w&slr=true&rtp=0&cs=1_04ce627b&cb=1511473038899&jobListingId=2546698562"
"WEB DEVELOPER II, Marketing & Communications, Interactive Design","Boston University","MA","Boston","$38k-$58k","Boston, MA","https://www.glassdoor.com/partner/jobListing.htm?pos=216&ao=4011&s=58&guid=0000015fead043f693da72666734718f&src=GD_JOB_AD&t=SR&extid=1&exst=OL&ist=&ast=OL&vt=w&slr=true&rtp=0&cs=1_aa9c2910&cb=1511473038901&jobListingId=2524122510"
"Research Fellow","Massachusetts General Hospital","MA","Boston","$42k-$58k","Boston, MA","https://www.glassdoor.com/partner/jobListing.htm?pos=217&ao=3839&s=58&guid=0000015fead043f693da72666734718f&src=GD_JOB_AD&t=SR&extid=1&exst=OL&ist=&ast=OL&vt=w&slr=true&rtp=0&cs=1_dfbe82c0&cb=1511473038902&jobListingId=2547543636"
"RESEARCH COORDINATOR / 40 HOUR / DAY / BWH / DOM Pharmaco Epi","Brigham & Women's Hospital(BWH)","MA","Boston","$45k-$65k","Boston, MA","https://www.glassdoor.com/partner/jobListing.htm?pos=218&ao=25074&s=58&guid=0000015fead043f693da72666734718f&src=GD_JOB_AD&t=SR&extid=1&exst=OL&ist=&ast=OL&vt=w&slr=true&rtp=0&cs=1_7aa4b83b&cb=1511473038904&jobListingId=2594117045"
"Senior Quantitative Equity Research Analyst","State Street Global Advisors","MA","Boston","","Boston, MA","https://www.glassdoor.com/partner/jobListing.htm?pos=219&ao=283198&s=58&guid=0000015fead043f693da72666734718f&src=GD_JOB_AD&t=SR&extid=1&exst=OL&ist=&ast=OL&vt=w&slr=true&rtp=0&cs=1_73e1ada7&cb=1511473038906&jobListingId=2594124552"
"Analyst I, Manager Research - Wealth Management","BNY Mellon","MA","Boston","","Boston, MA","https://www.glassdoor.com/partner/jobListing.htm?pos=220&ao=133104&s=58&guid=0000015fead043f693da72666734718f&src=GD_JOB_AD&t=SR&extid=1&exst=OL&ist=&ast=OL&vt=w&slr=true&rtp=0&cs=1_cd36483e&cb=1511473038907&jobListingId=2475826949"
"Research Technician I - Center for Surgery, Science, & Bioengineering","Massachusetts General Hospital","MA","Boston","$33k-$43k","Boston, MA","https://www.glassdoor.com/partner/jobListing.htm?pos=221&ao=3839&s=58&guid=0000015fead043f693da72666734718f&src=GD_JOB_AD&t=SR&extid=1&exst=OL&ist=&ast=OL&vt=w&slr=true&rtp=0&cs=1_b16b0798&cb=1511473038909&jobListingId=2500762604"
"RESEARCH ASSISTANT I / 40 HOUR / DAY / BWH - INFECTIOUS DISEASES","Brigham & Women's Hospital(BWH)","MA","Boston","$27k-$41k","Boston, MA","https://www.glassdoor.com/partner/jobListing.htm?pos=222&ao=25074&s=58&guid=0000015fead043f693da72666734718f&src=GD_JOB_AD&t=SR&extid=1&exst=OL&ist=&ast=OL&vt=w&slr=true&rtp=0&cs=1_12c950d5&cb=1511473038910&jobListingId=2594116835"
"Research Associate I - Clinical/Health Services","Tufts Medical Center","MA","Boston","$42k-$60k","Boston, MA","https://www.glassdoor.com/partner/jobListing.htm?pos=223&ao=186496&s=58&guid=0000015fead043f693da72666734718f&src=GD_JOB_AD&t=SR&extid=1&exst=OL&ist=&ast=OL&vt=w&slr=true&rtp=0&cs=1_210cbd3e&cb=1511473038912&jobListingId=2594752551"
"Quantitative Researcher - HFT","3sixtyHR","MA","Boston","$104k-$163k","Boston, MA","https://www.glassdoor.com/partner/jobListing.htm?pos=224&ao=215203&s=58&guid=0000015fead043f693da72666734718f&src=GD_JOB_AD&t=SR&extid=1&exst=OL&ist=&ast=OL&vt=w&slr=true&rtp=0&cs=1_a19c5397&cb=1511473038913&jobListingId=2593685437"
"Senior Research Administrator (Grants: Post-Award): Office of Sponsored Research","Joslin Diabetes Center","MA","Boston","","Boston, MA","https://www.glassdoor.com/partner/jobListing.htm?pos=225&ao=52448&s=58&guid=0000015fead043f693da72666734718f&src=GD_JOB_AD&t=SR&extid=1&exst=OL&ist=&ast=OL&vt=w&slr=true&rtp=0&cs=1_78ff57e4&cb=1511473038915&jobListingId=2524026998"
"Technical Research Asst, Sr","Brigham & Women's Hospital(BWH)","MA","Boston","$37k-$57k","Boston, MA","https://www.glassdoor.com/partner/jobListing.htm?pos=226&ao=25074&s=58&guid=0000015fead043f693da72666734718f&src=GD_JOB_AD&t=SR&extid=1&exst=OL&ist=&ast=OL&vt=w&slr=true&rtp=0&cs=1_a11cefe4&cb=1511473038916&jobListingId=2594116799"
"Research Scientist, Sr. (Phd)","Massachusetts General Hospital(MGH)","MA","Boston","$66k-$95k","Boston, MA","https://www.glassdoor.com/partner/jobListing.htm?pos=227&ao=25074&s=58&guid=0000015fead043f693da72666734718f&src=GD_JOB_AD&t=SR&extid=1&exst=OL&ist=&ast=OL&vt=w&slr=true&rtp=0&cs=1_f2c0d195&cb=1511473038918&jobListingId=2594117426"
"Research Associate","Eaton Vance","MA","Boston","$57k-$91k","Boston, MA","https://www.glassdoor.com/partner/jobListing.htm?pos=228&ao=283198&s=58&guid=0000015fead043f693da72666734718f&src=GD_JOB_AD&t=SR&extid=1&exst=OL&ist=&ast=OL&vt=w&slr=true&rtp=0&cs=1_e497828a&cb=1511473038919&jobListingId=2594191536"
"Senior Software Engineer - Operations Research","Wayfair","MA","Boston","$94k-$134k","Boston, MA","https://www.glassdoor.com/partner/jobListing.htm?pos=229&ao=4128&s=58&guid=0000015fead043f693da72666734718f&src=GD_JOB_AD&t=SR&extid=1&exst=OL&ist=&ast=OL&vt=w&slr=true&rtp=0&cs=1_f8948006&cb=1511473038920&jobListingId=2524203627"
"Computer Vision Research Scientist","FeatureX","MA","Cambridge","$79k-$112k","Cambridge, MA","https://www.glassdoor.com/partner/jobListing.htm?pos=230&ao=148364&s=58&guid=0000015fead043f693da72666734718f&src=GD_JOB_AD&t=SR&extid=1&exst=OL&ist=&ast=OL&vt=w&slr=true&rtp=0&cs=1_7c06930e&cb=1511473038922&jobListingId=2206043310"
"SR. SPECIALIST, INDUSTRIAL HYGIENE, Research Compliance","Boston University  NEW","MA","Boston","","Boston, MA","https://www.glassdoor.com/partner/jobListing.htm?pos=301&ao=283198&s=58&guid=0000015fead048ae98cf5cb533e9e54f&src=GD_JOB_AD&t=SR&extid=1&exst=OL&ist=&ast=OL&vt=w&slr=true&rtp=0&cs=1_cf91b389&cb=1511473040079&jobListingId=2594542757"
"Research Project Manager I - Population Sciences","Dana-Farber Cancer Institute","MA","Boston","$54k-$75k","Boston, MA","https://www.glassdoor.com/partner/jobListing.htm?pos=302&ao=283198&s=58&guid=0000015fead048ae98cf5cb533e9e54f&src=GD_JOB_AD&t=SR&extid=1&exst=OL&ist=&ast=OL&vt=w&slr=true&rtp=0&cs=1_177504d1&cb=1511473040080&jobListingId=2594436696"
"UX Designer","Creative Circle  NEW","MA","Boston","","Boston, MA","https://www.glassdoor.com/partner/jobListing.htm?pos=303&ao=134410&s=58&guid=0000015fead048ae98cf5cb533e9e54f&src=GD_JOB_AD&t=SR&extid=1&exst=OL&ist=&ast=OL&vt=w&slr=true&rtp=0&cs=1_759da061&cb=1511473040081&jobListingId=2500877816"
"Associate/Full Professor of Psychology (Director, Biomedical Imaging Center)","Northeastern University","MA","Boston","$84k-$112k","Boston, MA","https://www.glassdoor.com/partner/jobListing.htm?pos=304&ao=37049&s=58&guid=0000015fead048ae98cf5cb533e9e54f&src=GD_JOB_AD&t=SR&extid=1&exst=OL&ist=&ast=OL&vt=w&slr=true&rtp=0&cs=1_3bee788b&cb=1511473040082&jobListingId=2570646554"
"Design Operations Director","Freeman","MA","Boston","$93k-$116k","Boston, MA","https://www.glassdoor.com/partner/jobListing.htm?pos=305&ao=216380&s=58&guid=0000015fead048ae98cf5cb533e9e54f&src=GD_JOB_AD&t=SR&extid=1&exst=OL&ist=&ast=OL&vt=w&slr=true&rtp=0&cs=1_fc094dd8&cb=1511473040083&jobListingId=2594436521"
"RESEARCH ASSISTANT, School of Public Health, Environmental Health","Boston University","MA","Boston","$23k-$40k","Boston, MA","https://www.glassdoor.com/partner/jobListing.htm?pos=306&ao=283198&s=58&guid=0000015fead048ae98cf5cb533e9e54f&src=GD_JOB_AD&t=SR&extid=1&exst=OL&ist=&ast=OL&vt=w&slr=true&rtp=0&cs=1_92cf13ff&cb=1511473040084&jobListingId=2594581680"
"Research Fellow","Dana-Farber Cancer Institute","MA","Boston","$42k-$59k","Boston, MA","https://www.glassdoor.com/partner/jobListing.htm?pos=307&ao=4008&s=58&guid=0000015fead048ae98cf5cb533e9e54f&src=GD_JOB_AD&t=SR&extid=1&exst=OL&ist=&ast=OL&vt=w&slr=true&rtp=0&cs=1_ca921971&cb=1511473040085&jobListingId=2524138989"
"Prof&Dir Biomedical Imaging Center","Northeastern University","MA","Boston","","Boston, MA","https://www.glassdoor.com/partner/jobListing.htm?pos=308&ao=37049&s=58&guid=0000015fead048ae98cf5cb533e9e54f&src=GD_JOB_AD&t=SR&extid=1&exst=OL&ist=&ast=OL&vt=w&slr=true&rtp=0&cs=1_d017e801&cb=1511473040086&jobListingId=2237420829"
"Legal Technology and Research Librarian","Suffolk University","MA","Boston","$41k-$71k","Boston, MA","https://www.glassdoor.com/partner/jobListing.htm?pos=309&ao=283198&s=58&guid=0000015fead048ae98cf5cb533e9e54f&src=GD_JOB_AD&t=SR&extid=1&exst=OL&ist=&ast=OL&vt=w&slr=true&rtp=0&cs=1_d8dd3acc&cb=1511473040088&jobListingId=2594208021"
"User Interface (UI) Architect / Lead","Novartis Pharmaceuticals","MA","Cambridge","$109k-$169k","Cambridge, MA","https://www.glassdoor.com/partner/jobListing.htm?pos=310&ao=283198&s=58&guid=0000015fead048ae98cf5cb533e9e54f&src=GD_JOB_AD&t=SR&extid=1&exst=OL&ist=&ast=OL&vt=w&slr=true&rtp=0&cs=1_f01a1d03&cb=1511473040089&jobListingId=2593898670"
"Integration Developer","Northeastern University  NEW","MA","Boston","","Boston, MA","https://www.glassdoor.com/partner/jobListing.htm?pos=311&ao=37049&s=58&guid=0000015fead048ae98cf5cb533e9e54f&src=GD_JOB_AD&t=SR&extid=1&exst=OL&ist=&ast=OL&vt=w&slr=true&rtp=0&cs=1_1e2d134a&cb=1511473040090&jobListingId=2523587184"
"RESEARCH STUDY ASSISTANT, School of Public Health, Community Health Sci","Boston University","MA","Boston","","Boston, MA","https://www.glassdoor.com/partner/jobListing.htm?pos=312&ao=283198&s=58&guid=0000015fead048ae98cf5cb533e9e54f&src=GD_JOB_AD&t=SR&extid=1&exst=OL&ist=&ast=OL&vt=w&slr=true&rtp=0&cs=1_0543e89c&cb=1511473040090&jobListingId=2594462144"
"Research Assistant, Biobank Coordinator / 40 Hours / Day / BWH - personalized Medicine","Brigham and Women's Hospital","MA","Boston","$27k-$41k","Boston, MA","https://www.glassdoor.com/partner/jobListing.htm?pos=313&ao=283198&s=58&guid=0000015fead048ae98cf5cb533e9e54f&src=GD_JOB_AD&t=SR&extid=1&exst=OL&ist=&ast=OL&vt=w&slr=true&rtp=0&cs=1_fe3a9896&cb=1511473040092&jobListingId=2594136074"
"Lead Research Technician - Armstrong Lab","Dana-Farber Cancer Institute","MA","Boston","$45k-$59k","Boston, MA","https://www.glassdoor.com/partner/jobListing.htm?pos=314&ao=52448&s=58&guid=0000015fead048ae98cf5cb533e9e54f&src=GD_JOB_AD&t=SR&extid=1&exst=OL&ist=&ast=OL&vt=w&slr=true&rtp=0&cs=1_1f5e364e&cb=1511473040094&jobListingId=2523888820"
"UX Designer/Strategist","Create + Conquer","MA","Boston","$52k-$74k","Boston, MA","https://www.glassdoor.com/partner/jobListing.htm?pos=315&ao=4120&s=58&guid=0000015fead048ae98cf5cb533e9e54f&src=GD_JOB_AD&t=SR&extid=1&exst=OL&ist=&ast=OL&vt=w&slr=true&rtp=0&aa=1&ea=1&cs=1_d1e191ca&cb=1511473040096&jobListingId=1871629427"
"SR. SPECIALIST, CAMPUS/CLINICAL SAFETY, Research Compliance","Boston University","MA","Boston","","Boston, MA","https://www.glassdoor.com/partner/jobListing.htm?pos=316&ao=283198&s=58&guid=0000015fead048ae98cf5cb533e9e54f&src=GD_JOB_AD&t=SR&extid=1&exst=OL&ist=&ast=OL&vt=w&slr=true&rtp=0&cs=1_3cb8c2e4&cb=1511473040098&jobListingId=2594217077"
"Research Technician","Northeastern University","MA","Boston","$31k-$43k","Boston, MA","https://www.glassdoor.com/partner/jobListing.htm?pos=317&ao=37049&s=58&guid=0000015fead048ae98cf5cb533e9e54f&src=GD_JOB_AD&t=SR&extid=1&exst=OL&ist=&ast=OL&vt=w&slr=true&rtp=0&cs=1_00a00113&cb=1511473040100&jobListingId=2500589831"
"Research Technician - Knoechel Lab","Dana-Farber Cancer Institute","MA","Boston","$33k-$44k","Boston, MA","https://www.glassdoor.com/partner/jobListing.htm?pos=318&ao=52448&s=58&guid=0000015fead048ae98cf5cb533e9e54f&src=GD_JOB_AD&t=SR&extid=1&exst=OL&ist=&ast=OL&vt=w&slr=true&rtp=0&cs=1_d53e7b09&cb=1511473040101&jobListingId=2594417078"
"Research Assistant I","Boston Children's Hospital","MA","Boston","$29k-$41k","Boston, MA","https://www.glassdoor.com/partner/jobListing.htm?pos=319&ao=136361&s=58&guid=0000015fead048ae98cf5cb533e9e54f&src=GD_JOB_AD&t=SR&extid=1&exst=OL&ist=&ast=OL&vt=w&slr=true&rtp=0&cs=1_bcad3e56&cb=1511473040103&jobListingId=2594136997"
"Research Technician II","Massachusetts General Hospital","MA","Boston","$36k-$47k","Boston, MA","https://www.glassdoor.com/partner/jobListing.htm?pos=320&ao=3839&s=58&guid=0000015fead048ae98cf5cb533e9e54f&src=GD_JOB_AD&t=SR&extid=1&exst=OL&ist=&ast=OL&vt=w&slr=true&rtp=0&cs=1_92d41ec7&cb=1511473040104&jobListingId=1942929188"
"Posdoctoral Research Assoc","Northeastern University","MA","Boston","$38k-$58k","Boston, MA","https://www.glassdoor.com/partner/jobListing.htm?pos=321&ao=37049&s=58&guid=0000015fead048ae98cf5cb533e9e54f&src=GD_JOB_AD&t=SR&extid=1&exst=OL&ist=&ast=OL&vt=w&slr=true&rtp=0&cs=1_cea6404f&cb=1511473040105&jobListingId=2500589813"
"RESEARCH FELLOW, Thompson Lab, Physical Therapy & Athletic Training, Sargent College,","Boston University","MA","Boston","$37k-$56k","Boston, MA","https://www.glassdoor.com/partner/jobListing.htm?pos=322&ao=283198&s=58&guid=0000015fead048ae98cf5cb533e9e54f&src=GD_JOB_AD&t=SR&extid=1&exst=OL&ist=&ast=OL&vt=w&slr=true&rtp=0&cs=1_f33028f9&cb=1511473040107&jobListingId=2594175568"
"CLINICAL RESEARCH NURSE, Clinical Trials Float","Massachusetts General Hospital","MA","Boston","$75k-$132k","Boston, MA","https://www.glassdoor.com/partner/jobListing.htm?pos=323&ao=3839&s=58&guid=0000015fead048ae98cf5cb533e9e54f&src=GD_JOB_AD&t=SR&extid=1&exst=OL&ist=&ast=OL&vt=w&slr=true&rtp=0&cs=1_587c3f18&cb=1511473040108&jobListingId=2205395196"
"Public Health Outreach Specialist - Project Trust - (FT, 40 hrs, Days)","Boston Medical Center","MA","Boston","$44k-$72k","Boston, MA","https://www.glassdoor.com/partner/jobListing.htm?pos=324&ao=182894&s=58&guid=0000015fead048ae98cf5cb533e9e54f&src=GD_JOB_AD&t=SR&extid=1&exst=OL&ist=&ast=OL&vt=w&slr=true&rtp=0&cs=1_2c8e4af2&cb=1511473040110&jobListingId=2594220358"
"Automation Quality Assurance Engineer","CBRE","MA","Boston","$63k-$88k","Boston, MA","https://www.glassdoor.com/partner/jobListing.htm?pos=325&ao=134469&s=58&guid=0000015fead048ae98cf5cb533e9e54f&src=GD_JOB_AD&t=SR&extid=1&exst=OL&ist=&ast=OL&vt=w&slr=true&rtp=0&cs=1_bb9c9f73&cb=1511473040111&jobListingId=2594113438"
"COMMUNITY ENGAGEMENT RESEARCH FELLOW, School of Public Health","Boston University","MA","Boston","$37k-$56k","Boston, MA","https://www.glassdoor.com/partner/jobListing.htm?pos=326&ao=4011&s=58&guid=0000015fead048ae98cf5cb533e9e54f&src=GD_JOB_AD&t=SR&extid=1&exst=OL&ist=&ast=OL&vt=w&slr=true&rtp=0&cs=1_77a7092d&cb=1511473040112&jobListingId=2594772840"
"Postdoctoral Research Associate","Northeastern University","MA","Boston","$43k-$64k","Boston, MA","https://www.glassdoor.com/partner/jobListing.htm?pos=327&ao=37049&s=58&guid=0000015fead048ae98cf5cb533e9e54f&src=GD_JOB_AD&t=SR&extid=1&exst=OL&ist=&ast=OL&vt=w&slr=true&rtp=0&cs=1_916e7783&cb=1511473040114&jobListingId=2594180239"
"Database Coordinator - Surgical Oncology Research","Massachusetts General Hospital","MA","Boston","","Boston, MA","https://www.glassdoor.com/partner/jobListing.htm?pos=328&ao=3839&s=58&guid=0000015fead048ae98cf5cb533e9e54f&src=GD_JOB_AD&t=SR&extid=1&exst=OL&ist=&ast=OL&vt=w&slr=true&rtp=0&cs=1_aed26fa8&cb=1511473040115&jobListingId=2388280243"
"ThingWorx R&D Product Owner","PTC","MA","Boston","$76k-$117k","Boston, MA","https://www.glassdoor.com/partner/jobListing.htm?pos=329&ao=133958&s=58&guid=0000015fead048ae98cf5cb533e9e54f&src=GD_JOB_AD&t=SR&extid=1&exst=OL&ist=&ast=OL&vt=w&slr=true&rtp=0&cs=1_f4d017d7&cb=1511473040117&jobListingId=2570682852"
"Sr Associate, Data Scientist","KPMG","MA","Boston","$108k-$161k","Boston, MA","https://www.glassdoor.com/partner/jobListing.htm?pos=330&ao=4009&s=58&guid=0000015fead048ae98cf5cb533e9e54f&src=GD_JOB_AD&t=SR&extid=1&exst=OL&ist=&ast=OL&vt=w&slr=true&rtp=0&cs=1_aff4739e&cb=1511473040118&jobListingId=2309899372"
"Postdoctoral Research Fellow","Massachusetts General Hospital(MGH)","MA","Boston","$41k-$57k","Boston, MA","https://www.glassdoor.com/partner/jobListing.htm?pos=401&ao=25074&s=58&guid=0000015fead04d848e1f796fa1be149c&src=GD_JOB_AD&t=SR&extid=1&exst=OL&ist=&ast=OL&vt=w&slr=true&rtp=0&cs=1_e94f8f4b&cb=1511473041294&jobListingId=2594117336"
"Mechanical Engineer","Formlabs","MA","Somerville","$62k-$86k","Somerville, MA","https://www.glassdoor.com/partner/jobListing.htm?pos=402&ao=283198&s=58&guid=0000015fead04d848e1f796fa1be149c&src=GD_JOB_AD&t=SR&extid=1&exst=OL&ist=&ast=OL&vt=w&slr=true&rtp=0&cs=1_86a66341&cb=1511473041297&jobListingId=2593881999"
"Research Assistant, Biobank Coordinator / 40 Hours / Day / BWH - personalized Medicine","Brigham and Women's Hospital","MA","Boston","$27k-$41k","Boston, MA","https://www.glassdoor.com/partner/jobListing.htm?pos=403&ao=283198&s=58&guid=0000015fead04d848e1f796fa1be149c&src=GD_JOB_AD&t=SR&extid=1&exst=OL&ist=&ast=OL&vt=w&slr=true&rtp=0&cs=1_f6643218&cb=1511473041299&jobListingId=2594136074"
"Research Fellow","Dana-Farber Cancer Institute","MA","Boston","$42k-$59k","Boston, MA","https://www.glassdoor.com/partner/jobListing.htm?pos=404&ao=4008&s=58&guid=0000015fead04d848e1f796fa1be149c&src=GD_JOB_AD&t=SR&extid=1&exst=OL&ist=&ast=OL&vt=w&slr=true&rtp=0&cs=1_da1e08a3&cb=1511473041301&jobListingId=2524138989"
"Inside Sales Engineer","Nortek","MA","Boston","$55k-$80k","Boston, MA","https://www.glassdoor.com/partner/jobListing.htm?pos=405&ao=14295&s=58&guid=0000015fead04d848e1f796fa1be149c&src=GD_JOB_AD&t=SR&extid=1&exst=OL&ist=&ast=OL&vt=w&slr=true&rtp=0&aa=1&ea=1&cs=1_2b7e67a1&cb=1511473041303&jobListingId=2547300710"
"Clinical Research Nurse - MGH Vascular Surgery Research","Massachusetts General Hospital(MGH)","MA","Boston","$75k-$132k","Boston, MA","https://www.glassdoor.com/partner/jobListing.htm?pos=406&ao=25074&s=58&guid=0000015fead04d848e1f796fa1be149c&src=GD_JOB_AD&t=SR&extid=1&exst=OL&ist=&ast=OL&vt=w&slr=true&rtp=0&cs=1_da30a37b&cb=1511473041305&jobListingId=2594117258"
"Polymer Scientist","Formlabs  NEW","MA","Somerville","","Somerville, MA","https://www.glassdoor.com/partner/jobListing.htm?pos=407&ao=283198&s=58&guid=0000015fead04d848e1f796fa1be149c&src=GD_JOB_AD&t=SR&extid=1&exst=OL&ist=&ast=OL&vt=w&slr=true&rtp=0&cs=1_67ce73f3&cb=1511473041307&jobListingId=2594234437"
"Sales Engineer","Nortek","MA","Boston","$65k-$83k","Boston, MA","https://www.glassdoor.com/partner/jobListing.htm?pos=408&ao=14295&s=58&guid=0000015fead04d848e1f796fa1be149c&src=GD_JOB_AD&t=SR&extid=1&exst=OL&ist=&ast=OL&vt=w&slr=true&rtp=0&aa=1&ea=1&cs=1_d515ad50&cb=1511473041312&jobListingId=2547300906"
"Lead Research Technician - Armstrong Lab","Dana-Farber Cancer Institute","MA","Boston","$45k-$59k","Boston, MA","https://www.glassdoor.com/partner/jobListing.htm?pos=409&ao=52448&s=58&guid=0000015fead04d848e1f796fa1be149c&src=GD_JOB_AD&t=SR&extid=1&exst=OL&ist=&ast=OL&vt=w&slr=true&rtp=0&cs=1_fc79ec7f&cb=1511473041314&jobListingId=2523888820"
"Clinical Research Coordinator I - MGH Vascular Surgery Research","Massachusetts General Hospital(MGH)","MA","Boston","$31k-$45k","Boston, MA","https://www.glassdoor.com/partner/jobListing.htm?pos=410&ao=25074&s=58&guid=0000015fead04d848e1f796fa1be149c&src=GD_JOB_AD&t=SR&extid=1&exst=OL&ist=&ast=OL&vt=w&slr=true&rtp=0&cs=1_86b0feb7&cb=1511473041317&jobListingId=2594117236"
"SR. SPECIALIST, INDUSTRIAL HYGIENE, Research Compliance","Boston University","MA","Boston","","Boston, MA","https://www.glassdoor.com/partner/jobListing.htm?pos=411&ao=283198&s=58&guid=0000015fead04d848e1f796fa1be149c&src=GD_JOB_AD&t=SR&extid=1&exst=OL&ist=&ast=OL&vt=w&slr=true&rtp=0&cs=1_dd96f8c1&cb=1511473041320&jobListingId=2594542757"
"Research Technician - Knoechel Lab","Dana-Farber Cancer Institute","MA","Boston","$33k-$44k","Boston, MA","https://www.glassdoor.com/partner/jobListing.htm?pos=412&ao=52448&s=58&guid=0000015fead04d848e1f796fa1be149c&src=GD_JOB_AD&t=SR&extid=1&exst=OL&ist=&ast=OL&vt=w&slr=true&rtp=0&cs=1_7a31379b&cb=1511473041322&jobListingId=2594417078"
"Principal Hardware Engineer","Formlabs","MA","Somerville","$89k-$125k","Somerville, MA","https://www.glassdoor.com/partner/jobListing.htm?pos=413&ao=283198&s=58&guid=0000015fead04d848e1f796fa1be149c&src=GD_JOB_AD&t=SR&extid=1&exst=OL&ist=&ast=OL&vt=w&slr=true&rtp=0&cs=1_8eab2545&cb=1511473041324&jobListingId=2594042456"
"Research Associate","Eaton Vance","MA","Boston","$57k-$91k","Boston, MA","https://www.glassdoor.com/partner/jobListing.htm?pos=414&ao=283198&s=58&guid=0000015fead04d848e1f796fa1be149c&src=GD_JOB_AD&t=SR&extid=1&exst=OL&ist=&ast=OL&vt=w&slr=true&rtp=0&cs=1_b35cddf9&cb=1511473041325&jobListingId=2594191536"
"RESEARCH ASSISTANT, School of Public Health, Environmental Health","Boston University","MA","Boston","$23k-$40k","Boston, MA","https://www.glassdoor.com/partner/jobListing.htm?pos=415&ao=283198&s=58&guid=0000015fead04d848e1f796fa1be149c&src=GD_JOB_AD&t=SR&extid=1&exst=OL&ist=&ast=OL&vt=w&slr=true&rtp=0&cs=1_fc44b9ad&cb=1511473041327&jobListingId=2594581680"
"Inside Sales Specialist","Formlabs  NEW","MA","Somerville","","Somerville, MA","https://www.glassdoor.com/partner/jobListing.htm?pos=416&ao=283198&s=58&guid=0000015fead04d848e1f796fa1be149c&src=GD_JOB_AD&t=SR&extid=1&exst=OL&ist=&ast=OL&vt=w&slr=true&rtp=0&cs=1_f456a11f&cb=1511473041329&jobListingId=2594154314"
"Research Specialist","Massachusetts General Hospital(MGH)","MA","Boston","$36k-$53k","Boston, MA","https://www.glassdoor.com/partner/jobListing.htm?pos=417&ao=25074&s=58&guid=0000015fead04d848e1f796fa1be149c&src=GD_JOB_AD&t=SR&extid=1&exst=OL&ist=&ast=OL&vt=w&slr=true&rtp=0&cs=1_0360df06&cb=1511473041330&jobListingId=2594117153"
"RESEARCH STUDY ASSISTANT, School of Public Health, Community Health Sci","Boston University","MA","Boston","","Boston, MA","https://www.glassdoor.com/partner/jobListing.htm?pos=418&ao=283198&s=58&guid=0000015fead04d848e1f796fa1be149c&src=GD_JOB_AD&t=SR&extid=1&exst=OL&ist=&ast=OL&vt=w&slr=true&rtp=0&cs=1_dff81758&cb=1511473041332&jobListingId=2594462144"
"Senior UX Designer","Creative Circle","MA","Boston","","Boston, MA","https://www.glassdoor.com/partner/jobListing.htm?pos=419&ao=173355&s=58&guid=0000015fead04d848e1f796fa1be149c&src=GD_JOB_AD&t=SR&extid=1&exst=OL&ist=&ast=OL&vt=w&slr=true&rtp=0&cs=1_d4d89d28&cb=1511473041334&jobListingId=2594960266"
"Client Solutions Development Program - Boston -","FactSet Research Systems Inc.","MA","Boston","$67k-$98k","Boston, MA","https://www.glassdoor.com/partner/jobListing.htm?pos=420&ao=283198&s=58&guid=0000015fead04d848e1f796fa1be149c&src=GD_JOB_AD&t=SR&extid=1&exst=OL&ist=&ast=OL&vt=w&slr=true&rtp=0&cs=1_2937e3a0&cb=1511473041336&jobListingId=2594172261"
"Clinical Research Coord. I","Massachusetts General Hospital(MGH)","MA","Boston","$70k-$123k","Boston, MA","https://www.glassdoor.com/partner/jobListing.htm?pos=421&ao=25074&s=58&guid=0000015fead04d848e1f796fa1be149c&src=GD_JOB_AD&t=SR&extid=1&exst=OL&ist=&ast=OL&vt=w&slr=true&rtp=0&cs=1_4ed88b27&cb=1511473041337&jobListingId=2594117018"
"SR. SPECIALIST, CAMPUS/CLINICAL SAFETY, Research Compliance","Boston University","MA","Boston","","Boston, MA","https://www.glassdoor.com/partner/jobListing.htm?pos=422&ao=283198&s=58&guid=0000015fead04d848e1f796fa1be149c&src=GD_JOB_AD&t=SR&extid=1&exst=OL&ist=&ast=OL&vt=w&slr=true&rtp=0&cs=1_e6033d20&cb=1511473041339&jobListingId=2594217077"
"Business Systems Analyst","Formlabs","MA","Somerville","$53k-$76k","Somerville, MA","https://www.glassdoor.com/partner/jobListing.htm?pos=423&ao=283198&s=58&guid=0000015fead04d848e1f796fa1be149c&src=GD_JOB_AD&t=SR&extid=1&exst=OL&ist=&ast=OL&vt=w&slr=true&rtp=0&cs=1_e214ef02&cb=1511473041341&jobListingId=2594124398"
"Junior Research Analyst - Healthcare Systems&Services","McKinsey","MA","Waltham","$48k-$68k","Waltham, MA","https://www.glassdoor.com/partner/jobListing.htm?pos=424&ao=173064&s=58&guid=0000015fead04d848e1f796fa1be149c&src=GD_JOB_AD&t=SR&extid=1&exst=OL&ist=&ast=OL&vt=w&slr=true&rtp=0&cs=1_79b08bd2&cb=1511473041342&jobListingId=2593839407"
"Product Designer","Creative Circle","MA","Boston","","Boston, MA","https://www.glassdoor.com/partner/jobListing.htm?pos=425&ao=134410&s=58&guid=0000015fead04d848e1f796fa1be149c&src=GD_JOB_AD&t=SR&extid=1&exst=OL&ist=&ast=OL&vt=w&slr=true&rtp=0&cs=1_a189fd4f&cb=1511473041343&jobListingId=2570721348"
"NetSuite Business Systems Analyst","Formlabs","MA","Somerville","$53k-$76k","Somerville, MA","https://www.glassdoor.com/partner/jobListing.htm?pos=426&ao=283198&s=58&guid=0000015fead04d848e1f796fa1be149c&src=GD_JOB_AD&t=SR&extid=1&exst=OL&ist=&ast=OL&vt=w&slr=true&rtp=0&cs=1_3d2b5388&cb=1511473041345&jobListingId=2593992064"
"RESEARCH FELLOW, Thompson Lab, Physical Therapy & Athletic Training, Sargent College,","Boston University","MA","Boston","$37k-$56k","Boston, MA","https://www.glassdoor.com/partner/jobListing.htm?pos=427&ao=283198&s=58&guid=0000015fead04d848e1f796fa1be149c&src=GD_JOB_AD&t=SR&extid=1&exst=OL&ist=&ast=OL&vt=w&slr=true&rtp=0&cs=1_569d7baf&cb=1511473041346&jobListingId=2594175568"
"Clinical Research Contracts Associate","Dana-Farber Cancer Institute","MA","Boston","$47k-$83k","Boston, MA","https://www.glassdoor.com/partner/jobListing.htm?pos=428&ao=283198&s=58&guid=0000015fead04d848e1f796fa1be149c&src=GD_JOB_AD&t=SR&extid=1&exst=OL&ist=&ast=OL&vt=w&slr=true&rtp=0&cs=1_e0d5356a&cb=1511473041348&jobListingId=2594058822"
"Senior Product Designer - Design & Innovation","McKinsey","MA","Waltham","$132k-$176k","Waltham, MA","https://www.glassdoor.com/partner/jobListing.htm?pos=429&ao=283198&s=58&guid=0000015fead04d848e1f796fa1be149c&src=GD_JOB_AD&t=SR&extid=1&exst=OL&ist=&ast=OL&vt=w&slr=true&rtp=0&cs=1_105ef50d&cb=1511473041349&jobListingId=2594104784"
"Pre-Clinical Account Manager - Remote / Field Based - Southern New England Territory","The Jackson Laboratory","MA","Boston","","Boston, MA","https://www.glassdoor.com/partner/jobListing.htm?pos=430&ao=4011&s=58&guid=0000015fead04d848e1f796fa1be149c&src=GD_JOB_AD&t=SR&extid=1&exst=OL&ist=&ast=OL&vt=w&slr=true&rtp=0&cs=1_dd2b7b58&cb=1511473041351&jobListingId=2547697812"
"Clinical Research Nurse - MGH Vascular Surgery Research","Massachusetts General Hospital(MGH)","MA","Boston","$75k-$132k","Boston, MA","https://www.glassdoor.com/partner/jobListing.htm?pos=501&ao=25074&s=58&guid=0000015fead0565b92a711431479679f&src=GD_JOB_AD&t=SR&extid=1&exst=OL&ist=&ast=OL&vt=w&slr=true&rtp=0&cs=1_e531bee9&cb=1511473043525&jobListingId=2594117258"
"RESEARCH COORDINATOR / 40 HOUR / DAY / BWH / DOM Pharmaco Epi","Brigham & Women's Hospital(BWH)","MA","Boston","$45k-$65k","Boston, MA","https://www.glassdoor.com/partner/jobListing.htm?pos=502&ao=25074&s=58&guid=0000015fead0565b92a711431479679f&src=GD_JOB_AD&t=SR&extid=1&exst=OL&ist=&ast=OL&vt=w&slr=true&rtp=0&cs=1_7f08f2d0&cb=1511473043527&jobListingId=2594117045"
"Clinical Research Coordinator - Transplant Clinical Trials","Dana-Farber Cancer Institute","MA","Boston","$38k-$52k","Boston, MA","https://www.glassdoor.com/partner/jobListing.htm?pos=503&ao=173064&s=58&guid=0000015fead0565b92a711431479679f&src=GD_JOB_AD&t=SR&extid=1&exst=OL&ist=&ast=OL&vt=w&slr=true&rtp=0&cs=1_5ed8c54b&cb=1511473043528&jobListingId=2593794288"
"JM Golemme Research Professor","Northeastern University  NEW","MA","Boston","","Boston, MA","https://www.glassdoor.com/partner/jobListing.htm?pos=504&ao=283198&s=58&guid=0000015fead0565b92a711431479679f&src=GD_JOB_AD&t=SR&extid=1&exst=OL&ist=&ast=OL&vt=w&slr=true&rtp=0&cs=1_61c6804f&cb=1511473043529&jobListingId=2594067388"
"Assessment and Technology Analyst","Suffolk University","MA","Boston","$52k-$70k","Boston, MA","https://www.glassdoor.com/partner/jobListing.htm?pos=505&ao=283198&s=58&guid=0000015fead0565b92a711431479679f&src=GD_JOB_AD&t=SR&extid=1&exst=OL&ist=&ast=OL&vt=w&slr=true&rtp=0&cs=1_b7c53900&cb=1511473043530&jobListingId=2594111705"
"Clinical Research Coordinator I - MGH Vascular Surgery Research","Massachusetts General Hospital(MGH)","MA","Boston","$31k-$45k","Boston, MA","https://www.glassdoor.com/partner/jobListing.htm?pos=506&ao=25074&s=58&guid=0000015fead0565b92a711431479679f&src=GD_JOB_AD&t=SR&extid=1&exst=OL&ist=&ast=OL&vt=w&slr=true&rtp=0&cs=1_2ccf281a&cb=1511473043531&jobListingId=2594117236"
"RESEARCH ASSISTANT I / 40 HOUR / DAY / BWH - INFECTIOUS DISEASES","Brigham & Women's Hospital(BWH)","MA","Boston","$27k-$41k","Boston, MA","https://www.glassdoor.com/partner/jobListing.htm?pos=507&ao=25074&s=58&guid=0000015fead0565b92a711431479679f&src=GD_JOB_AD&t=SR&extid=1&exst=OL&ist=&ast=OL&vt=w&slr=true&rtp=0&cs=1_fc1c6a81&cb=1511473043533&jobListingId=2594116835"
"Research Technician - Translational Immunogenomics Lab","Dana-Farber Cancer Institute","MA","Boston","$33k-$44k","Boston, MA","https://www.glassdoor.com/partner/jobListing.htm?pos=508&ao=173064&s=58&guid=0000015fead0565b92a711431479679f&src=GD_JOB_AD&t=SR&extid=1&exst=OL&ist=&ast=OL&vt=w&slr=true&rtp=0&cs=1_88370ed0&cb=1511473043534&jobListingId=2593830416"
"Research Systems - Software Developer","Arrowstreet Capital","MA","Boston","$80k-$118k","Boston, MA","https://www.glassdoor.com/partner/jobListing.htm?pos=509&ao=283198&s=58&guid=0000015fead0565b92a711431479679f&src=GD_JOB_AD&t=SR&extid=1&exst=OL&ist=&ast=OL&vt=w&slr=true&rtp=0&cs=1_732f4fbb&cb=1511473043536&jobListingId=2594082866"
"Cowan Research Professor","Northeastern University  NEW","MA","Boston","","Boston, MA","https://www.glassdoor.com/partner/jobListing.htm?pos=510&ao=283198&s=58&guid=0000015fead0565b92a711431479679f&src=GD_JOB_AD&t=SR&extid=1&exst=OL&ist=&ast=OL&vt=w&slr=true&rtp=0&cs=1_f76a37cb&cb=1511473043537&jobListingId=2594155395"
"Research Specialist","Massachusetts General Hospital(MGH)","MA","Boston","$36k-$53k","Boston, MA","https://www.glassdoor.com/partner/jobListing.htm?pos=511&ao=25074&s=58&guid=0000015fead0565b92a711431479679f&src=GD_JOB_AD&t=SR&extid=1&exst=OL&ist=&ast=OL&vt=w&slr=true&rtp=0&cs=1_f6562c82&cb=1511473043538&jobListingId=2594117153"
"Technical Research Asst, Sr","Brigham & Women's Hospital(BWH)","MA","Boston","$37k-$57k","Boston, MA","https://www.glassdoor.com/partner/jobListing.htm?pos=512&ao=25074&s=58&guid=0000015fead0565b92a711431479679f&src=GD_JOB_AD&t=SR&extid=1&exst=OL&ist=&ast=OL&vt=w&slr=true&rtp=0&cs=1_86c58be0&cb=1511473043539&jobListingId=2594116799"
"Principal Research Scientist","Northeastern University","MA","Boston","$64k-$93k","Boston, MA","https://www.glassdoor.com/partner/jobListing.htm?pos=513&ao=283198&s=58&guid=0000015fead0565b92a711431479679f&src=GD_JOB_AD&t=SR&extid=1&exst=OL&ist=&ast=OL&vt=w&slr=true&rtp=0&cs=1_863399e3&cb=1511473043540&jobListingId=2594129611"
"Research Data Specialist - Center for Immuno-Oncology","Dana-Farber Cancer Institute","MA","Boston","$35k-$58k","Boston, MA","https://www.glassdoor.com/partner/jobListing.htm?pos=514&ao=173064&s=58&guid=0000015fead0565b92a711431479679f&src=GD_JOB_AD&t=SR&extid=1&exst=OL&ist=&ast=OL&vt=w&slr=true&rtp=0&cs=1_e61b929a&cb=1511473043541&jobListingId=2593827187"
"Research Systems - C#/C Developer","Arrowstreet Capital  NEW","MA","Boston","","Boston, MA","https://www.glassdoor.com/partner/jobListing.htm?pos=515&ao=283198&s=58&guid=0000015fead0565b92a711431479679f&src=GD_JOB_AD&t=SR&extid=1&exst=OL&ist=&ast=OL&vt=w&slr=true&rtp=0&cs=1_aa85cfe9&cb=1511473043543&jobListingId=2593895139"
"Clinical Research Coord. I","Massachusetts General Hospital(MGH)","MA","Boston","$70k-$123k","Boston, MA","https://www.glassdoor.com/partner/jobListing.htm?pos=516&ao=25074&s=58&guid=0000015fead0565b92a711431479679f&src=GD_JOB_AD&t=SR&extid=1&exst=OL&ist=&ast=OL&vt=w&slr=true&rtp=0&cs=1_075695a5&cb=1511473043544&jobListingId=2594117018"
"ESG Research Associate - Calvert Research and Management","Eaton Vance","MA","Boston","$57k-$91k","Boston, MA","https://www.glassdoor.com/partner/jobListing.htm?pos=517&ao=283198&s=58&guid=0000015fead0565b92a711431479679f&src=GD_JOB_AD&t=SR&extid=1&exst=OL&ist=&ast=OL&vt=w&slr=true&rtp=0&cs=1_dfa3817f&cb=1511473043546&jobListingId=2593973183"
"Associate Research Scientist","Northeastern University","MA","Boston","$49k-$72k","Boston, MA","https://www.glassdoor.com/partner/jobListing.htm?pos=518&ao=283198&s=58&guid=0000015fead0565b92a711431479679f&src=GD_JOB_AD&t=SR&extid=1&exst=OL&ist=&ast=OL&vt=w&slr=true&rtp=0&cs=1_bd9a917f&cb=1511473043547&jobListingId=2594128996"
"Research Associate","The Broad Institute","MA","Cambridge","$40k-$53k","Cambridge, MA","https://www.glassdoor.com/partner/jobListing.htm?pos=519&ao=239480&s=58&guid=0000015fead0565b92a711431479679f&src=GD_JOB_AD&t=SR&extid=1&exst=OL&ist=&ast=OL&vt=w&slr=true&rtp=0&cs=1_8df391d5&cb=1511473043548&jobListingId=2546455426"
"Software Engineer I - cBio Center at DFCI","Dana-Farber Cancer Institute","MA","Boston","$61k-$96k","Boston, MA","https://www.glassdoor.com/partner/jobListing.htm?pos=520&ao=283198&s=58&guid=0000015fead0565b92a711431479679f&src=GD_JOB_AD&t=SR&extid=1&exst=OL&ist=&ast=OL&vt=w&slr=true&rtp=0&cs=1_dd0b3e80&cb=1511473043549&jobListingId=2593951971"
"Postdoctoral Research Fellow","Massachusetts General Hospital(MGH)","MA","Boston","$41k-$57k","Boston, MA","https://www.glassdoor.com/partner/jobListing.htm?pos=521&ao=25074&s=58&guid=0000015fead0565b92a711431479679f&src=GD_JOB_AD&t=SR&extid=1&exst=OL&ist=&ast=OL&vt=w&slr=true&rtp=0&cs=1_995db43c&cb=1511473043550&jobListingId=2594117336"
"Research & Partnership Development Associate","Northeastern University","MA","Boston","$35k-$51k","Boston, MA","https://www.glassdoor.com/partner/jobListing.htm?pos=522&ao=283198&s=58&guid=0000015fead0565b92a711431479679f&src=GD_JOB_AD&t=SR&extid=1&exst=OL&ist=&ast=OL&vt=w&slr=true&rtp=0&cs=1_ad5a4821&cb=1511473043551&jobListingId=2593908329"
"Senior Health Researcher","Mathematica Policy Research","MA","Cambridge","","Cambridge, MA","https://www.glassdoor.com/partner/jobListing.htm?pos=523&ao=239872&s=58&guid=0000015fead0565b92a711431479679f&src=GD_JOB_AD&t=SR&extid=1&exst=OL&ist=&ast=OL&vt=w&slr=true&rtp=0&cs=1_8cec1562&cb=1511473043552&jobListingId=2523482467"
"Director of Social, Environmental and Governance Research - Calvert Research and Management","Eaton Vance","MA","Boston","$132k-$246k","Boston, MA","https://www.glassdoor.com/partner/jobListing.htm?pos=524&ao=283198&s=58&guid=0000015fead0565b92a711431479679f&src=GD_JOB_AD&t=SR&extid=1&exst=OL&ist=&ast=OL&vt=w&slr=true&rtp=0&cs=1_a82444b2&cb=1511473043554&jobListingId=2593995652"
"Pharmacy Inventory Specialist","Dana-Farber Cancer Institute","MA","Boston","$28k-$40k","Boston, MA","https://www.glassdoor.com/partner/jobListing.htm?pos=525&ao=283198&s=58&guid=0000015fead0565b92a711431479679f&src=GD_JOB_AD&t=SR&extid=1&exst=OL&ist=&ast=OL&vt=w&slr=true&rtp=0&cs=1_c9ee893d&cb=1511473043555&jobListingId=2594090803"
"Research Grant & Administration Manager","Northeastern University","MA","Boston","","Boston, MA","https://www.glassdoor.com/partner/jobListing.htm?pos=526&ao=283198&s=58&guid=0000015fead0565b92a711431479679f&src=GD_JOB_AD&t=SR&extid=1&exst=OL&ist=&ast=OL&vt=w&slr=true&rtp=0&cs=1_4542f0cd&cb=1511473043556&jobListingId=2593906946"
"Senior Bioinformatics Engineer","Dana-Farber Cancer Institute","MA","Boston","$76k-$117k","Boston, MA","https://www.glassdoor.com/partner/jobListing.htm?pos=527&ao=283198&s=58&guid=0000015fead0565b92a711431479679f&src=GD_JOB_AD&t=SR&extid=1&exst=OL&ist=&ast=OL&vt=w&slr=true&rtp=0&cs=1_c0b2e70b&cb=1511473043561&jobListingId=2594046734"
"UX Designer","Creative Circle","MA","Boston","","Boston, MA","https://www.glassdoor.com/partner/jobListing.htm?pos=528&ao=134410&s=58&guid=0000015fead0565b92a711431479679f&src=GD_JOB_AD&t=SR&extid=1&exst=OL&ist=&ast=OL&vt=w&slr=true&rtp=0&cs=1_15038ac4&cb=1511473043563&jobListingId=2500877816"
"Data Scientist PhD","Wayfair LLC","MA","Boston","$96k-$134k","Boston, MA","https://www.glassdoor.com/partner/jobListing.htm?pos=529&ao=283198&s=58&guid=0000015fead0565b92a711431479679f&src=GD_JOB_AD&t=SR&extid=1&exst=OL&ist=&ast=OL&vt=w&slr=true&rtp=0&cs=1_2949c37f&cb=1511473043564&jobListingId=2594103636"
"Sales Engineer","ObserveIT","MA","Boston","$97k-$122k","Boston, MA","https://www.glassdoor.com/partner/jobListing.htm?pos=530&ao=85944&s=58&guid=0000015fead0565b92a711431479679f&src=GD_JOB_AD&t=SR&extid=1&exst=OL&ist=&ast=OL&vt=w&slr=true&rtp=0&cs=1_562cba5d&cb=1511473043565&jobListingId=2570127541"
